2026.05.23 22:27:42 INFO  Started: Metals version 1.6.7 in folders '/Users/cccllc/Desktop/SE 350/FinanceHelper' for client Visual Studio Code 1.121.0.
2026.05.23 22:27:42 INFO  Memory monitor started
2026.05.23 22:27:42 WARN  Using H2 2.4.240 which is newer than the version Flyway has been verified with. The latest verified version of H2 is 2.3.232.
2026.05.23 22:27:43 INFO  no build target found for /Users/cccllc/Desktop/SE 350/FinanceHelper/src/main/java/com/financehelper/Main.java. Using fallback presentation compiler.
May 23, 2026 10:27:43 PM org.eclipse.lsp4j.jsonrpc.RemoteEndpoint handleCancellation
WARNING: Unmatched cancel notification for request id 2
2026.05.23 22:27:43 INFO  no build target found for /Users/cccllc/Desktop/SE 350/FinanceHelper/src/main/java/com/financehelper/Main.java. Using fallback presentation compiler.
2026.05.23 22:27:43 INFO  no build target found for /Users/cccllc/Desktop/SE 350/FinanceHelper/src/main/java/com/financehelper/Main.java. Using fallback presentation compiler.
2026.05.23 22:27:43 INFO  no build target found for /Users/cccllc/Desktop/SE 350/FinanceHelper/src/main/java/com/financehelper/Main.java. Using fallback presentation compiler.
2026.05.23 22:27:43 INFO  no build target found for /Users/cccllc/Desktop/SE 350/FinanceHelper/src/main/java/com/financehelper/Main.java. Using fallback presentation compiler.
May 23, 2026 10:27:44 PM org.eclipse.lsp4j.jsonrpc.RemoteEndpoint handleCancellation
WARNING: Unmatched cancel notification for request id 7
May 23, 2026 10:27:44 PM org.eclipse.lsp4j.jsonrpc.RemoteEndpoint handleCancellation
WARNING: Unmatched cancel notification for request id 8
May 23, 2026 10:27:44 PM org.eclipse.lsp4j.jsonrpc.RemoteEndpoint handleCancellation
WARNING: Unmatched cancel notification for request id 3
May 23, 2026 10:27:44 PM org.eclipse.lsp4j.jsonrpc.RemoteEndpoint handleCancellation
WARNING: Unmatched cancel notification for request id 9
2026.05.23 22:27:43 INFO  no build target found for /Users/cccllc/Desktop/SE 350/FinanceHelper/src/main/java/com/financehelper/Main.java. Using fallback presentation compiler.
2026.05.23 22:27:43 INFO  no build target found for /Users/cccllc/Desktop/SE 350/FinanceHelper/src/main/java/com/financehelper/Main.java. Using fallback presentation compiler.
2026.05.23 22:27:44 INFO  no build target found for /Users/cccllc/Desktop/SE 350/FinanceHelper/src/main/java/com/financehelper/Main.java. Using fallback presentation compiler.
May 23, 2026 10:27:44 PM org.eclipse.lsp4j.jsonrpc.RemoteEndpoint handleCancellation
WARNING: Unmatched cancel notification for request id 12
2026.05.23 22:27:45 INFO  no build target found for /Users/cccllc/Desktop/SE 350/FinanceHelper/src/main/java/com/financehelper/Main.java. Using fallback presentation compiler.
2026.05.23 22:27:47 INFO  no build target found for /Users/cccllc/Desktop/SE 350/FinanceHelper/src/main/java/com/financehelper/Main.java. Using fallback presentation compiler.
2026.05.23 22:27:47 INFO  no build target found for /Users/cccllc/Desktop/SE 350/FinanceHelper/src/main/java/com/financehelper/Main.java. Using fallback presentation compiler.
2026.05.23 22:27:47 INFO  no build target found for /Users/cccllc/Desktop/SE 350/FinanceHelper/src/main/java/com/financehelper/Main.java. Using fallback presentation compiler.
2026.05.23 22:27:56 INFO  no build target found for /Users/cccllc/Desktop/SE 350/FinanceHelper/src/main/java/com/financehelper/Main.java. Using fallback presentation compiler.
2026.05.23 22:28:23 INFO  no build target found for /Users/cccllc/Desktop/SE 350/FinanceHelper/src/main/java/com/financehelper/Main.java. Using fallback presentation compiler.
2026.05.23 22:28:38 INFO  no build target found for /Users/cccllc/Desktop/SE 350/FinanceHelper/src/main/java/com/financehelper/Main.java. Using fallback presentation compiler.
2026.05.23 22:28:38 INFO  no build target found for /Users/cccllc/Desktop/SE 350/FinanceHelper/src/main/java/com/financehelper/ui/ConsoleUI.java. Using fallback presentation compiler.
May 23, 2026 10:28:38 PM org.eclipse.lsp4j.jsonrpc.RemoteEndpoint handleCancellation
WARNING: Unmatched cancel notification for request id 22
2026.05.23 22:28:38 INFO  no build target found for /Users/cccllc/Desktop/SE 350/FinanceHelper/src/main/java/com/financehelper/ui/ConsoleUI.java. Using fallback presentation compiler.
2026.05.23 22:28:38 INFO  no build target found for /Users/cccllc/Desktop/SE 350/FinanceHelper/src/main/java/com/financehelper/ui/ConsoleUI.java. Using fallback presentation compiler.
2026.05.23 22:28:39 INFO  no build target found for /Users/cccllc/Desktop/SE 350/FinanceHelper/src/main/java/com/financehelper/ui/ConsoleUI.java. Using fallback presentation compiler.
2026.05.23 22:28:49 INFO  no build target found for /Users/cccllc/Desktop/SE 350/FinanceHelper/src/main/java/com/financehelper/factory/ExpenseFactory.java. Using fallback presentation compiler.
2026.05.23 22:28:49 INFO  no build target found for /Users/cccllc/Desktop/SE 350/FinanceHelper/src/main/java/com/financehelper/factory/ExpenseFactory.java. Using fallback presentation compiler.
May 23, 2026 10:28:50 PM org.eclipse.lsp4j.jsonrpc.RemoteEndpoint handleCancellation
WARNING: Unmatched cancel notification for request id 33
2026.05.23 22:28:49 INFO  no build target found for /Users/cccllc/Desktop/SE 350/FinanceHelper/src/main/java/com/financehelper/factory/ExpenseFactory.java. Using fallback presentation compiler.
2026.05.23 22:28:49 INFO  no build target found for /Users/cccllc/Desktop/SE 350/FinanceHelper/src/main/java/com/financehelper/factory/ExpenseFactory.java. Using fallback presentation compiler.
2026.05.23 22:29:09 INFO  no build target found for /Users/cccllc/Desktop/SE 350/FinanceHelper/src/main/java/com/financehelper/factory/ExpenseFactory.java. Using fallback presentation compiler.
2026.05.23 22:29:09 INFO  no build target found for /Users/cccllc/Desktop/SE 350/FinanceHelper/src/main/java/com/financehelper/Main.java. Using fallback presentation compiler.
2026.05.23 22:29:09 INFO  no build target found for /Users/cccllc/Desktop/SE 350/FinanceHelper/src/main/java/com/financehelper/Main.java. Using fallback presentation compiler.
2026.05.23 22:29:09 INFO  no build target found for /Users/cccllc/Desktop/SE 350/FinanceHelper/src/main/java/com/financehelper/Main.java. Using fallback presentation compiler.
2026.05.23 22:29:09 INFO  no build target found for /Users/cccllc/Desktop/SE 350/FinanceHelper/src/main/java/com/financehelper/Main.java. Using fallback presentation compiler.
2026.05.23 22:29:14 INFO  no build target found for /Users/cccllc/Desktop/SE 350/FinanceHelper/src/main/java/com/financehelper/Main.java. Using fallback presentation compiler.
2026.05.23 22:29:14 INFO  no build target found for /Users/cccllc/Desktop/SE 350/FinanceHelper/src/main/java/com/financehelper/Main.java. Using fallback presentation compiler.
2026.05.23 22:29:14 INFO  no build target found for /Users/cccllc/Desktop/SE 350/FinanceHelper/src/main/java/com/financehelper/Main.java. Using fallback presentation compiler.
2026.05.23 22:29:36 INFO  no build target found for /Users/cccllc/Desktop/SE 350/FinanceHelper/src/main/java/com/financehelper/Main.java. Using fallback presentation compiler.
2026.05.23 22:29:36 INFO  no build target found for /Users/cccllc/Desktop/SE 350/FinanceHelper/src/main/java/com/financehelper/Main.java. Using fallback presentation compiler.
2026.05.23 22:29:37 INFO  no build target found for /Users/cccllc/Desktop/SE 350/FinanceHelper/src/main/java/com/financehelper/Main.java. Using fallback presentation compiler.
2026.05.23 22:29:44 INFO  no build target found for /Users/cccllc/Desktop/SE 350/FinanceHelper/src/main/java/com/financehelper/ui/ConsoleUI.java. Using fallback presentation compiler.
2026.05.23 22:29:44 WARN  no build target for: /Users/cccllc/Desktop/SE 350/FinanceHelper/src/main/java/com/financehelper/ui/ConsoleUI.java
2026.05.23 22:29:44 INFO  no build target found for /Users/cccllc/Desktop/SE 350/FinanceHelper/src/main/java/com/financehelper/ui/ConsoleUI.java. Using fallback presentation compiler.
2026.05.23 22:29:44 INFO  no build target found for /Users/cccllc/Desktop/SE 350/FinanceHelper/src/main/java/com/financehelper/ui/ConsoleUI.java. Using fallback presentation compiler.
2026.05.23 22:29:45 INFO  no build target found for /Users/cccllc/Desktop/SE 350/FinanceHelper/src/main/java/com/financehelper/ui/ConsoleUI.java. Using fallback presentation compiler.
2026.05.23 22:29:51 INFO  no build target found for /Users/cccllc/Desktop/SE 350/FinanceHelper/src/main/java/com/financehelper/ui/ConsoleUI.java. Using fallback presentation compiler.
2026.05.23 22:29:52 INFO  no build target found for /Users/cccllc/Desktop/SE 350/FinanceHelper/src/main/java/com/financehelper/ui/ConsoleUI.java. Using fallback presentation compiler.
2026.05.23 22:29:53 INFO  no build target found for /Users/cccllc/Desktop/SE 350/FinanceHelper/src/main/java/com/financehelper/Main.java. Using fallback presentation compiler.
2026.05.23 22:29:53 INFO  no build target found for /Users/cccllc/Desktop/SE 350/FinanceHelper/src/main/java/com/financehelper/observer/MarginObserver.java. Using fallback presentation compiler.
2026.05.23 22:29:53 INFO  no build target found for /Users/cccllc/Desktop/SE 350/FinanceHelper/src/main/java/com/financehelper/observer/MarginObserver.java. Using fallback presentation compiler.
2026.05.23 22:29:53 INFO  no build target found for /Users/cccllc/Desktop/SE 350/FinanceHelper/src/main/java/com/financehelper/observer/MarginObserver.java. Using fallback presentation compiler.
2026.05.23 22:52:49 INFO  no build target found for /Users/cccllc/Desktop/SE 350/FinanceHelper/src/main/java/com/financehelper/observer/MarginObserver.java. Using fallback presentation compiler.
2026.05.23 22:52:49 INFO  no build target found for /Users/cccllc/Desktop/SE 350/FinanceHelper/src/main/java/com/financehelper/Main.java. Using fallback presentation compiler.
2026.05.23 22:52:49 INFO  no build target found for /Users/cccllc/Desktop/SE 350/FinanceHelper/src/main/java/com/financehelper/Main.java. Using fallback presentation compiler.
2026.05.23 22:52:54 INFO  no build target found for /Users/cccllc/Desktop/SE 350/FinanceHelper/src/main/java/com/financehelper/ui/ConsoleUI.java. Using fallback presentation compiler.
2026.05.23 22:52:54 WARN  no build target for: /Users/cccllc/Desktop/SE 350/FinanceHelper/src/main/java/com/financehelper/ui/ConsoleUI.java
2026.05.23 22:52:54 INFO  no build target found for /Users/cccllc/Desktop/SE 350/FinanceHelper/src/main/java/com/financehelper/ui/ConsoleUI.java. Using fallback presentation compiler.
2026.05.23 22:52:54 INFO  no build target found for /Users/cccllc/Desktop/SE 350/FinanceHelper/src/main/java/com/financehelper/ui/ConsoleUI.java. Using fallback presentation compiler.
2026.05.23 22:53:03 INFO  no build target found for /Users/cccllc/Desktop/SE 350/FinanceHelper/src/main/java/com/financehelper/Main.java. Using fallback presentation compiler.
2026.05.23 22:53:03 WARN  no build target for: /Users/cccllc/Desktop/SE 350/FinanceHelper/src/main/java/com/financehelper/Main.java
2026.05.23 22:53:03 INFO  no build target found for /Users/cccllc/Desktop/SE 350/FinanceHelper/src/main/java/com/financehelper/Main.java. Using fallback presentation compiler.
2026.05.23 22:53:40 INFO  no build target found for /Users/cccllc/Desktop/SE 350/FinanceHelper/src/main/java/com/financehelper/service/MarginCalculatorService.java. Using fallback presentation compiler.
2026.05.23 22:53:40 INFO  no build target found for /Users/cccllc/Desktop/SE 350/FinanceHelper/src/main/java/com/financehelper/service/MarginCalculatorService.java. Using fallback presentation compiler.
2026.05.23 22:53:40 INFO  no build target found for /Users/cccllc/Desktop/SE 350/FinanceHelper/src/main/java/com/financehelper/service/MarginCalculatorService.java. Using fallback presentation compiler.
2026.05.23 22:53:48 INFO  no build target found for /Users/cccllc/Desktop/SE 350/FinanceHelper/src/main/java/com/financehelper/service/MarginCalculatorService.java. Using fallback presentation compiler.
2026.05.23 22:53:48 INFO  no build target found for /Users/cccllc/Desktop/SE 350/FinanceHelper/src/main/java/com/financehelper/service/MarginCalculatorService.java. Using fallback presentation compiler.
2026.05.23 22:53:48 INFO  no build target found for /Users/cccllc/Desktop/SE 350/FinanceHelper/src/main/java/com/financehelper/service/MarginCalculatorService.java. Using fallback presentation compiler.
2026.05.23 22:53:50 INFO  no build target found for /Users/cccllc/Desktop/SE 350/FinanceHelper/src/main/java/com/financehelper/service/MarginCalculatorService.java. Using fallback presentation compiler.
2026.05.23 22:53:51 INFO  no build target found for /Users/cccllc/Desktop/SE 350/FinanceHelper/src/main/java/com/financehelper/ui/ConsoleUI.java. Using fallback presentation compiler.
2026.05.23 22:53:51 WARN  no build target for: /Users/cccllc/Desktop/SE 350/FinanceHelper/src/main/java/com/financehelper/ui/ConsoleUI.java
2026.05.23 22:53:51 INFO  no build target found for /Users/cccllc/Desktop/SE 350/FinanceHelper/src/main/java/com/financehelper/ui/ConsoleUI.java. Using fallback presentation compiler.
2026.05.23 22:53:51 INFO  no build target found for /Users/cccllc/Desktop/SE 350/FinanceHelper/src/main/java/com/financehelper/ui/ConsoleUI.java. Using fallback presentation compiler.
2026.05.23 22:54:07 INFO  no build target found for /Users/cccllc/Desktop/SE 350/FinanceHelper/src/main/java/com/financehelper/Main.java. Using fallback presentation compiler.
2026.05.23 22:54:07 WARN  no build target for: /Users/cccllc/Desktop/SE 350/FinanceHelper/src/main/java/com/financehelper/Main.java
2026.05.23 22:54:07 INFO  no build target found for /Users/cccllc/Desktop/SE 350/FinanceHelper/src/main/java/com/financehelper/Main.java. Using fallback presentation compiler.
2026.05.23 22:54:54 INFO  no build target found for /Users/cccllc/Desktop/SE 350/FinanceHelper/src/main/java/com/financehelper/service/MarginCalculatorService.java. Using fallback presentation compiler.
2026.05.23 22:54:54 WARN  no build target for: /Users/cccllc/Desktop/SE 350/FinanceHelper/src/main/java/com/financehelper/service/MarginCalculatorService.java
2026.05.23 22:54:54 INFO  no build target found for /Users/cccllc/Desktop/SE 350/FinanceHelper/src/main/java/com/financehelper/service/MarginCalculatorService.java. Using fallback presentation compiler.
2026.05.23 22:54:54 INFO  no build target found for /Users/cccllc/Desktop/SE 350/FinanceHelper/src/main/java/com/financehelper/service/MarginCalculatorService.java. Using fallback presentation compiler.
2026.05.23 22:54:55 INFO  no build target found for /Users/cccllc/Desktop/SE 350/FinanceHelper/src/main/java/com/financehelper/service/MarginCalculatorService.java. Using fallback presentation compiler.
2026.05.23 22:54:56 INFO  no build target found for /Users/cccllc/Desktop/SE 350/FinanceHelper/src/main/java/com/financehelper/service/MarginCalculatorService.java. Using fallback presentation compiler.
2026.05.23 22:55:12 INFO  no build target found for /Users/cccllc/Desktop/SE 350/FinanceHelper/src/main/java/com/financehelper/service/MarginCalculatorService.java. Using fallback presentation compiler.
2026.05.23 22:55:12 INFO  no build target found for /Users/cccllc/Desktop/SE 350/FinanceHelper/src/main/java/com/financehelper/observer/MarginObserver.java. Using fallback presentation compiler.
2026.05.23 22:55:12 INFO  no build target found for /Users/cccllc/Desktop/SE 350/FinanceHelper/src/main/java/com/financehelper/observer/MarginObserver.java. Using fallback presentation compiler.
2026.05.23 22:55:12 INFO  no build target found for /Users/cccllc/Desktop/SE 350/FinanceHelper/src/main/java/com/financehelper/observer/MarginObserver.java. Using fallback presentation compiler.
2026.05.23 22:55:14 INFO  no build target found for /Users/cccllc/Desktop/SE 350/FinanceHelper/src/main/java/com/financehelper/observer/MarginObserver.java. Using fallback presentation compiler.
2026.05.23 22:55:16 INFO  no build target found for /Users/cccllc/Desktop/SE 350/FinanceHelper/src/main/java/com/financehelper/observer/MarginObserver.java. Using fallback presentation compiler.
2026.05.23 22:55:26 INFO  no build target found for /Users/cccllc/Desktop/SE 350/FinanceHelper/src/main/java/com/financehelper/observer/MarginObserver.java. Using fallback presentation compiler.
2026.05.23 22:55:26 INFO  no build target found for /Users/cccllc/Desktop/SE 350/FinanceHelper/src/main/java/com/financehelper/observer/LowMarginObserver.java. Using fallback presentation compiler.
2026.05.23 22:55:26 INFO  no build target found for /Users/cccllc/Desktop/SE 350/FinanceHelper/src/main/java/com/financehelper/observer/LowMarginObserver.java. Using fallback presentation compiler.
2026.05.23 22:55:26 INFO  no build target found for /Users/cccllc/Desktop/SE 350/FinanceHelper/src/main/java/com/financehelper/observer/LowMarginObserver.java. Using fallback presentation compiler.
2026.05.23 22:55:30 INFO  no build target found for /Users/cccllc/Desktop/SE 350/FinanceHelper/src/main/java/com/financehelper/observer/LowMarginObserver.java. Using fallback presentation compiler.
2026.05.23 22:55:32 INFO  no build target found for /Users/cccllc/Desktop/SE 350/FinanceHelper/src/main/java/com/financehelper/observer/LowMarginObserver.java. Using fallback presentation compiler.
2026.05.23 22:55:32 INFO  no build target found for /Users/cccllc/Desktop/SE 350/FinanceHelper/src/main/java/com/financehelper/observer/NegativeMarginObserver.java. Using fallback presentation compiler.
2026.05.23 22:55:32 INFO  no build target found for /Users/cccllc/Desktop/SE 350/FinanceHelper/src/main/java/com/financehelper/observer/NegativeMarginObserver.java. Using fallback presentation compiler.
2026.05.23 22:55:32 INFO  no build target found for /Users/cccllc/Desktop/SE 350/FinanceHelper/src/main/java/com/financehelper/observer/NegativeMarginObserver.java. Using fallback presentation compiler.
2026.05.23 22:55:35 INFO  no build target found for /Users/cccllc/Desktop/SE 350/FinanceHelper/src/main/java/com/financehelper/observer/NegativeMarginObserver.java. Using fallback presentation compiler.
2026.05.23 22:55:35 INFO  no build target found for /Users/cccllc/Desktop/SE 350/FinanceHelper/src/main/java/com/financehelper/observer/SummaryObserver.java. Using fallback presentation compiler.
2026.05.23 22:55:35 INFO  no build target found for /Users/cccllc/Desktop/SE 350/FinanceHelper/src/main/java/com/financehelper/observer/SummaryObserver.java. Using fallback presentation compiler.
2026.05.23 22:55:35 INFO  no build target found for /Users/cccllc/Desktop/SE 350/FinanceHelper/src/main/java/com/financehelper/observer/SummaryObserver.java. Using fallback presentation compiler.
2026.05.23 22:55:44 INFO  no build target found for /Users/cccllc/Desktop/SE 350/FinanceHelper/src/main/java/com/financehelper/observer/SummaryObserver.java. Using fallback presentation compiler.
2026.05.23 22:55:44 INFO  no build target found for /Users/cccllc/Desktop/SE 350/FinanceHelper/src/main/java/com/financehelper/model/MarginResult.java. Using fallback presentation compiler.
2026.05.23 22:55:44 INFO  no build target found for /Users/cccllc/Desktop/SE 350/FinanceHelper/src/main/java/com/financehelper/model/MarginResult.java. Using fallback presentation compiler.
2026.05.23 22:55:44 INFO  no build target found for /Users/cccllc/Desktop/SE 350/FinanceHelper/src/main/java/com/financehelper/model/MarginResult.java. Using fallback presentation compiler.
2026.05.23 22:55:46 INFO  no build target found for /Users/cccllc/Desktop/SE 350/FinanceHelper/src/main/java/com/financehelper/model/MarginResult.java. Using fallback presentation compiler.
2026.05.23 22:55:48 INFO  no build target found for /Users/cccllc/Desktop/SE 350/FinanceHelper/src/main/java/com/financehelper/model/MarginResult.java. Using fallback presentation compiler.
2026.05.23 22:56:03 INFO  no build target found for /Users/cccllc/Desktop/SE 350/FinanceHelper/src/main/java/com/financehelper/model/MarginResult.java. Using fallback presentation compiler.
2026.05.23 22:56:03 INFO  no build target found for /Users/cccllc/Desktop/SE 350/FinanceHelper/src/main/java/com/financehelper/service/MarginCalculatorService.java. Using fallback presentation compiler.
2026.05.23 22:56:03 INFO  no build target found for /Users/cccllc/Desktop/SE 350/FinanceHelper/src/main/java/com/financehelper/service/MarginCalculatorService.java. Using fallback presentation compiler.
2026.05.23 22:56:03 INFO  no build target found for /Users/cccllc/Desktop/SE 350/FinanceHelper/src/main/java/com/financehelper/service/MarginCalculatorService.java. Using fallback presentation compiler.
2026.05.23 22:56:03 INFO  no build target found for /Users/cccllc/Desktop/SE 350/FinanceHelper/src/main/java/com/financehelper/service/MarginCalculatorService.java. Using fallback presentation compiler.
2026.05.23 22:56:49 INFO  no build target found for /Users/cccllc/Desktop/SE 350/FinanceHelper/src/main/java/com/financehelper/service/MarginCalculatorService.java. Using fallback presentation compiler.
2026.05.23 22:56:49 INFO  no build target found for /Users/cccllc/Desktop/SE 350/FinanceHelper/src/main/java/com/financehelper/factory/ExpenseFactory.java. Using fallback presentation compiler.
2026.05.23 22:56:49 INFO  no build target found for /Users/cccllc/Desktop/SE 350/FinanceHelper/src/main/java/com/financehelper/factory/ExpenseFactory.java. Using fallback presentation compiler.
2026.05.23 22:56:49 INFO  no build target found for /Users/cccllc/Desktop/SE 350/FinanceHelper/src/main/java/com/financehelper/factory/ExpenseFactory.java. Using fallback presentation compiler.
2026.05.23 22:56:50 INFO  no build target found for /Users/cccllc/Desktop/SE 350/FinanceHelper/src/main/java/com/financehelper/factory/ExpenseFactory.java. Using fallback presentation compiler.
2026.05.23 22:56:56 INFO  no build target found for /Users/cccllc/Desktop/SE 350/FinanceHelper/src/main/java/com/financehelper/factory/ExpenseFactory.java. Using fallback presentation compiler.
2026.05.23 22:56:56 INFO  no build target found for /Users/cccllc/Desktop/SE 350/FinanceHelper/src/main/java/com/financehelper/model/Expense.java. Using fallback presentation compiler.
2026.05.23 22:56:56 INFO  no build target found for /Users/cccllc/Desktop/SE 350/FinanceHelper/src/main/java/com/financehelper/model/Expense.java. Using fallback presentation compiler.
2026.05.23 22:56:56 INFO  no build target found for /Users/cccllc/Desktop/SE 350/FinanceHelper/src/main/java/com/financehelper/model/Expense.java. Using fallback presentation compiler.
2026.05.23 22:57:01 INFO  no build target found for /Users/cccllc/Desktop/SE 350/FinanceHelper/src/main/java/com/financehelper/model/Expense.java. Using fallback presentation compiler.
2026.05.23 22:57:01 INFO  no build target found for /Users/cccllc/Desktop/SE 350/FinanceHelper/src/main/java/com/financehelper/model/MarginResult.java. Using fallback presentation compiler.
2026.05.23 22:57:01 INFO  no build target found for /Users/cccllc/Desktop/SE 350/FinanceHelper/src/main/java/com/financehelper/model/MarginResult.java. Using fallback presentation compiler.
2026.05.23 22:57:01 INFO  no build target found for /Users/cccllc/Desktop/SE 350/FinanceHelper/src/main/java/com/financehelper/model/MarginResult.java. Using fallback presentation compiler.
2026.05.23 22:57:03 INFO  no build target found for /Users/cccllc/Desktop/SE 350/FinanceHelper/src/main/java/com/financehelper/model/MarginResult.java. Using fallback presentation compiler.
2026.05.23 22:57:09 INFO  no build target found for /Users/cccllc/Desktop/SE 350/FinanceHelper/src/main/java/com/financehelper/model/MarginResult.java. Using fallback presentation compiler.
2026.05.23 22:57:09 INFO  no build target found for /Users/cccllc/Desktop/SE 350/FinanceHelper/src/main/java/com/financehelper/factory/ExpenseFactory.java. Using fallback presentation compiler.
2026.05.23 22:57:09 INFO  no build target found for /Users/cccllc/Desktop/SE 350/FinanceHelper/src/main/java/com/financehelper/factory/ExpenseFactory.java. Using fallback presentation compiler.
2026.05.23 22:57:10 INFO  no build target found for /Users/cccllc/Desktop/SE 350/FinanceHelper/src/main/java/com/financehelper/factory/ExpenseFactory.java. Using fallback presentation compiler.
2026.05.23 22:57:12 INFO  no build target found for /Users/cccllc/Desktop/SE 350/FinanceHelper/src/main/java/com/financehelper/ui/ConsoleUI.java. Using fallback presentation compiler.
2026.05.23 22:57:12 WARN  no build target for: /Users/cccllc/Desktop/SE 350/FinanceHelper/src/main/java/com/financehelper/ui/ConsoleUI.java
2026.05.23 22:57:12 INFO  no build target found for /Users/cccllc/Desktop/SE 350/FinanceHelper/src/main/java/com/financehelper/ui/ConsoleUI.java. Using fallback presentation compiler.
2026.05.23 22:57:12 INFO  no build target found for /Users/cccllc/Desktop/SE 350/FinanceHelper/src/main/java/com/financehelper/ui/ConsoleUI.java. Using fallback presentation compiler.
2026.05.23 22:57:13 INFO  no build target found for /Users/cccllc/Desktop/SE 350/FinanceHelper/src/main/java/com/financehelper/ui/ConsoleUI.java. Using fallback presentation compiler.
2026.05.23 22:57:17 INFO  no build target found for /Users/cccllc/Desktop/SE 350/FinanceHelper/src/main/java/com/financehelper/ui/ConsoleUI.java. Using fallback presentation compiler.
2026.05.23 22:57:17 INFO  no build target found for /Users/cccllc/Desktop/SE 350/FinanceHelper/src/main/java/com/financehelper/ui/ConsoleUI.java. Using fallback presentation compiler.
2026.05.23 22:57:57 INFO  no build target found for /Users/cccllc/Desktop/SE 350/FinanceHelper/src/main/java/com/financehelper/factory/ExpenseFactory.java. Using fallback presentation compiler.
2026.05.23 22:57:57 WARN  no build target for: /Users/cccllc/Desktop/SE 350/FinanceHelper/src/main/java/com/financehelper/factory/ExpenseFactory.java
2026.05.23 22:57:57 INFO  no build target found for /Users/cccllc/Desktop/SE 350/FinanceHelper/src/main/java/com/financehelper/factory/ExpenseFactory.java. Using fallback presentation compiler.
2026.05.23 22:58:01 INFO  no build target found for /Users/cccllc/Desktop/SE 350/FinanceHelper/src/main/java/com/financehelper/factory/ExpenseFactory.java. Using fallback presentation compiler.
2026.05.23 22:58:01 INFO  no build target found for /Users/cccllc/Desktop/SE 350/FinanceHelper/src/main/java/com/financehelper/model/Expense.java. Using fallback presentation compiler.
2026.05.23 22:58:01 INFO  no build target found for /Users/cccllc/Desktop/SE 350/FinanceHelper/src/main/java/com/financehelper/model/Expense.java. Using fallback presentation compiler.
2026.05.23 22:58:01 INFO  no build target found for /Users/cccllc/Desktop/SE 350/FinanceHelper/src/main/java/com/financehelper/model/Expense.java. Using fallback presentation compiler.
2026.05.23 22:58:05 INFO  no build target found for /Users/cccllc/Desktop/SE 350/FinanceHelper/src/main/java/com/financehelper/model/Expense.java. Using fallback presentation compiler.
2026.05.23 22:58:07 INFO  no build target found for /Users/cccllc/Desktop/SE 350/FinanceHelper/src/main/java/com/financehelper/model/Expense.java. Using fallback presentation compiler.
2026.05.23 22:58:07 INFO  no build target found for /Users/cccllc/Desktop/SE 350/FinanceHelper/src/main/java/com/financehelper/model/MarginResult.java. Using fallback presentation compiler.
2026.05.23 22:58:07 INFO  no build target found for /Users/cccllc/Desktop/SE 350/FinanceHelper/src/main/java/com/financehelper/model/MarginResult.java. Using fallback presentation compiler.
2026.05.23 22:58:07 INFO  no build target found for /Users/cccllc/Desktop/SE 350/FinanceHelper/src/main/java/com/financehelper/model/MarginResult.java. Using fallback presentation compiler.
2026.05.23 22:58:17 INFO  no build target found for /Users/cccllc/Desktop/SE 350/FinanceHelper/src/main/java/com/financehelper/model/MarginResult.java. Using fallback presentation compiler.
2026.05.23 22:58:17 INFO  no build target found for /Users/cccllc/Desktop/SE 350/FinanceHelper/src/main/java/com/financehelper/observer/LowMarginObserver.java. Using fallback presentation compiler.
2026.05.23 22:58:17 INFO  no build target found for /Users/cccllc/Desktop/SE 350/FinanceHelper/src/main/java/com/financehelper/observer/LowMarginObserver.java. Using fallback presentation compiler.
2026.05.23 22:58:17 INFO  no build target found for /Users/cccllc/Desktop/SE 350/FinanceHelper/src/main/java/com/financehelper/observer/LowMarginObserver.java. Using fallback presentation compiler.
2026.05.23 22:58:24 INFO  no build target found for /Users/cccllc/Desktop/SE 350/FinanceHelper/src/main/java/com/financehelper/observer/LowMarginObserver.java. Using fallback presentation compiler.
2026.05.23 22:58:26 INFO  no build target found for /Users/cccllc/Desktop/SE 350/FinanceHelper/src/main/java/com/financehelper/observer/LowMarginObserver.java. Using fallback presentation compiler.
2026.05.23 22:58:26 INFO  no build target found for /Users/cccllc/Desktop/SE 350/FinanceHelper/src/main/java/com/financehelper/observer/MarginObserver.java. Using fallback presentation compiler.
2026.05.23 22:58:26 INFO  no build target found for /Users/cccllc/Desktop/SE 350/FinanceHelper/src/main/java/com/financehelper/observer/MarginObserver.java. Using fallback presentation compiler.
2026.05.23 22:58:26 INFO  no build target found for /Users/cccllc/Desktop/SE 350/FinanceHelper/src/main/java/com/financehelper/observer/MarginObserver.java. Using fallback presentation compiler.
2026.05.23 22:58:29 INFO  no build target found for /Users/cccllc/Desktop/SE 350/FinanceHelper/src/main/java/com/financehelper/observer/MarginObserver.java. Using fallback presentation compiler.
2026.05.23 22:58:29 INFO  no build target found for /Users/cccllc/Desktop/SE 350/FinanceHelper/src/main/java/com/financehelper/observer/NegativeMarginObserver.java. Using fallback presentation compiler.
2026.05.23 22:58:29 INFO  no build target found for /Users/cccllc/Desktop/SE 350/FinanceHelper/src/main/java/com/financehelper/observer/NegativeMarginObserver.java. Using fallback presentation compiler.
2026.05.23 22:58:29 INFO  no build target found for /Users/cccllc/Desktop/SE 350/FinanceHelper/src/main/java/com/financehelper/observer/NegativeMarginObserver.java. Using fallback presentation compiler.
2026.05.23 22:58:31 INFO  no build target found for /Users/cccllc/Desktop/SE 350/FinanceHelper/src/main/java/com/financehelper/observer/NegativeMarginObserver.java. Using fallback presentation compiler.
2026.05.23 22:58:33 INFO  no build target found for /Users/cccllc/Desktop/SE 350/FinanceHelper/src/main/java/com/financehelper/observer/NegativeMarginObserver.java. Using fallback presentation compiler.
2026.05.23 22:58:33 INFO  no build target found for /Users/cccllc/Desktop/SE 350/FinanceHelper/src/main/java/com/financehelper/observer/SummaryObserver.java. Using fallback presentation compiler.
2026.05.23 22:58:33 INFO  no build target found for /Users/cccllc/Desktop/SE 350/FinanceHelper/src/main/java/com/financehelper/observer/SummaryObserver.java. Using fallback presentation compiler.
2026.05.23 22:58:33 INFO  no build target found for /Users/cccllc/Desktop/SE 350/FinanceHelper/src/main/java/com/financehelper/observer/SummaryObserver.java. Using fallback presentation compiler.
2026.05.23 22:58:35 INFO  no build target found for /Users/cccllc/Desktop/SE 350/FinanceHelper/src/main/java/com/financehelper/observer/SummaryObserver.java. Using fallback presentation compiler.
2026.05.23 22:58:36 INFO  no build target found for /Users/cccllc/Desktop/SE 350/FinanceHelper/src/main/java/com/financehelper/observer/SummaryObserver.java. Using fallback presentation compiler.
2026.05.23 22:58:38 INFO  no build target found for /Users/cccllc/Desktop/SE 350/FinanceHelper/src/main/java/com/financehelper/observer/SummaryObserver.java. Using fallback presentation compiler.
2026.05.23 22:58:38 INFO  no build target found for /Users/cccllc/Desktop/SE 350/FinanceHelper/src/main/java/com/financehelper/service/MarginCalculatorService.java. Using fallback presentation compiler.
2026.05.23 22:58:38 INFO  no build target found for /Users/cccllc/Desktop/SE 350/FinanceHelper/src/main/java/com/financehelper/service/MarginCalculatorService.java. Using fallback presentation compiler.
2026.05.23 22:58:38 INFO  no build target found for /Users/cccllc/Desktop/SE 350/FinanceHelper/src/main/java/com/financehelper/service/MarginCalculatorService.java. Using fallback presentation compiler.
2026.05.23 22:58:38 INFO  no build target found for /Users/cccllc/Desktop/SE 350/FinanceHelper/src/main/java/com/financehelper/service/MarginCalculatorService.java. Using fallback presentation compiler.
2026.05.23 22:58:39 INFO  no build target found for /Users/cccllc/Desktop/SE 350/FinanceHelper/src/main/java/com/financehelper/service/MarginCalculatorService.java. Using fallback presentation compiler.
2026.05.23 22:58:42 INFO  no build target found for /Users/cccllc/Desktop/SE 350/FinanceHelper/src/main/java/com/financehelper/service/MarginCalculatorService.java. Using fallback presentation compiler.
2026.05.23 22:58:44 INFO  no build target found for /Users/cccllc/Desktop/SE 350/FinanceHelper/src/main/java/com/financehelper/service/MarginCalculatorService.java. Using fallback presentation compiler.
2026.05.23 22:58:44 INFO  no build target found for /Users/cccllc/Desktop/SE 350/FinanceHelper/src/main/java/com/financehelper/service/MarginCalculatorService.java. Using fallback presentation compiler.
2026.05.23 22:58:47 INFO  no build target found for /Users/cccllc/Desktop/SE 350/FinanceHelper/src/main/java/com/financehelper/Main.java. Using fallback presentation compiler.
2026.05.23 22:58:47 WARN  no build target for: /Users/cccllc/Desktop/SE 350/FinanceHelper/src/main/java/com/financehelper/Main.java
2026.05.23 22:58:47 INFO  no build target found for /Users/cccllc/Desktop/SE 350/FinanceHelper/src/main/java/com/financehelper/Main.java. Using fallback presentation compiler.
2026.05.23 22:58:49 INFO  no build target found for /Users/cccllc/Desktop/SE 350/FinanceHelper/src/main/java/com/financehelper/Main.java. Using fallback presentation compiler.
2026.05.23 22:58:50 INFO  no build target found for /Users/cccllc/Desktop/SE 350/FinanceHelper/src/main/java/com/financehelper/Main.java. Using fallback presentation compiler.
2026.05.23 22:58:53 INFO  no build target found for /Users/cccllc/Desktop/SE 350/FinanceHelper/src/main/java/com/financehelper/ui/ConsoleUI.java. Using fallback presentation compiler.
2026.05.23 22:58:53 WARN  no build target for: /Users/cccllc/Desktop/SE 350/FinanceHelper/src/main/java/com/financehelper/ui/ConsoleUI.java
2026.05.23 22:58:53 INFO  no build target found for /Users/cccllc/Desktop/SE 350/FinanceHelper/src/main/java/com/financehelper/ui/ConsoleUI.java. Using fallback presentation compiler.
2026.05.23 22:58:53 INFO  no build target found for /Users/cccllc/Desktop/SE 350/FinanceHelper/src/main/java/com/financehelper/ui/ConsoleUI.java. Using fallback presentation compiler.
2026.05.23 22:58:53 INFO  no build target found for /Users/cccllc/Desktop/SE 350/FinanceHelper/src/main/java/com/financehelper/ui/ConsoleUI.java. Using fallback presentation compiler.
2026.05.23 22:58:56 INFO  no build target found for /Users/cccllc/Desktop/SE 350/FinanceHelper/src/main/java/com/financehelper/ui/ConsoleUI.java. Using fallback presentation compiler.
2026.05.23 22:59:17 INFO  no build target found for /Users/cccllc/Desktop/SE 350/FinanceHelper/src/main/java/com/financehelper/ui/ConsoleUI.java. Using fallback presentation compiler.
2026.05.23 22:59:20 INFO  no build target found for /Users/cccllc/Desktop/SE 350/FinanceHelper/src/main/java/com/financehelper/ui/ConsoleUI.java. Using fallback presentation compiler.
2026.05.23 22:59:21 WARN  Running javac-semanticdb failed for file:///Users/cccllc/Desktop/SE%20350/FinanceHelper/src/main/java/com/financehelper/ui/ConsoleUI.java. Output:

2026.05.23 22:59:21 INFO  no build target found for /Users/cccllc/Desktop/SE 350/FinanceHelper/src/main/java/com/financehelper/ui/ConsoleUI.java. Using fallback presentation compiler.
2026.05.23 22:59:23 INFO  no build target found for /Users/cccllc/Desktop/SE 350/FinanceHelper/src/main/java/com/financehelper/ui/ConsoleUI.java. Using fallback presentation compiler.
2026.05.23 22:59:23 INFO  no build target found for /Users/cccllc/Desktop/SE 350/FinanceHelper/src/main/java/com/financehelper/ui/ConsoleUI.java. Using fallback presentation compiler.
2026.05.23 22:59:23 INFO  no build target found for /Users/cccllc/Desktop/SE 350/FinanceHelper/src/main/java/com/financehelper/ui/ConsoleUI.java. Using fallback presentation compiler.
2026.05.23 22:59:23 INFO  no build target found for /Users/cccllc/Desktop/SE 350/FinanceHelper/src/main/java/com/financehelper/ui/ConsoleUI.java. Using fallback presentation compiler.
2026.05.23 22:59:24 INFO  no build target found for /Users/cccllc/Desktop/SE 350/FinanceHelper/src/main/java/com/financehelper/ui/ConsoleUI.java. Using fallback presentation compiler.
2026.05.23 22:59:25 INFO  no build target found for /Users/cccllc/Desktop/SE 350/FinanceHelper/src/main/java/com/financehelper/ui/ConsoleUI.java. Using fallback presentation compiler.
2026.05.23 23:04:16 INFO  no build target found for /Users/cccllc/Desktop/SE 350/FinanceHelper/src/main/java/com/financehelper/service/MarginCalculatorService.java. Using fallback presentation compiler.
2026.05.23 23:04:16 INFO  no build target found for /Users/cccllc/Desktop/SE 350/FinanceHelper/src/main/java/com/financehelper/factory/ExpenseFactory.java. Using fallback presentation compiler.
2026.05.23 23:04:16 INFO  no build target found for /Users/cccllc/Desktop/SE 350/FinanceHelper/src/main/java/com/financehelper/factory/ExpenseFactory.java. Using fallback presentation compiler.
2026.05.23 23:04:18 INFO  no build target found for /Users/cccllc/Desktop/SE 350/FinanceHelper/src/main/java/com/financehelper/factory/ExpenseFactory.java. Using fallback presentation compiler.
2026.05.23 23:05:06 INFO  no build target found for /Users/cccllc/Desktop/SE 350/FinanceHelper/src/main/java/com/financehelper/factory/ExpenseFactory.java. Using fallback presentation compiler.
2026.05.23 23:05:06 INFO  no build target found for /Users/cccllc/Desktop/SE 350/FinanceHelper/src/main/java/com/financehelper/model/Expense.java. Using fallback presentation compiler.
2026.05.23 23:05:06 INFO  no build target found for /Users/cccllc/Desktop/SE 350/FinanceHelper/src/main/java/com/financehelper/model/Expense.java. Using fallback presentation compiler.
2026.05.23 23:05:06 INFO  no build target found for /Users/cccllc/Desktop/SE 350/FinanceHelper/src/main/java/com/financehelper/model/Expense.java. Using fallback presentation compiler.
2026.05.23 23:05:07 INFO  no build target found for /Users/cccllc/Desktop/SE 350/FinanceHelper/src/main/java/com/financehelper/model/Expense.java. Using fallback presentation compiler.
2026.05.23 23:05:29 INFO  no build target found for /Users/cccllc/Desktop/SE 350/FinanceHelper/src/main/java/com/financehelper/model/Expense.java. Using fallback presentation compiler.
2026.05.23 23:05:29 INFO  no build target found for /Users/cccllc/Desktop/SE 350/FinanceHelper/src/main/java/com/financehelper/model/MarginResult.java. Using fallback presentation compiler.
2026.05.23 23:05:29 INFO  no build target found for /Users/cccllc/Desktop/SE 350/FinanceHelper/src/main/java/com/financehelper/model/MarginResult.java. Using fallback presentation compiler.
2026.05.23 23:05:29 INFO  no build target found for /Users/cccllc/Desktop/SE 350/FinanceHelper/src/main/java/com/financehelper/model/MarginResult.java. Using fallback presentation compiler.
2026.05.23 23:19:14 INFO  no build target found for /Users/cccllc/Desktop/SE 350/FinanceHelper/src/main/java/com/financehelper/model/MarginResult.java. Using fallback presentation compiler.
2026.05.23 23:19:14 INFO  no build target found for /Users/cccllc/Desktop/SE 350/FinanceHelper/src/main/java/com/financehelper/model/MarginResult.java. Using fallback presentation compiler.
2026.05.23 23:19:23 INFO  no build target found for /Users/cccllc/Desktop/SE 350/FinanceHelper/src/main/java/com/financehelper/model/MarginResult.java. Using fallback presentation compiler.
2026.05.23 23:19:43 INFO  no build target found for /Users/cccllc/Desktop/SE 350/FinanceHelper/src/main/java/com/financehelper/model/MarginResult.java. Using fallback presentation compiler.
2026.05.23 23:19:43 INFO  no build target found for /Users/cccllc/Desktop/SE 350/FinanceHelper/src/main/java/com/financehelper/model/Expense.java. Using fallback presentation compiler.
2026.05.23 23:19:43 INFO  no build target found for /Users/cccllc/Desktop/SE 350/FinanceHelper/src/main/java/com/financehelper/model/Expense.java. Using fallback presentation compiler.
2026.05.23 23:19:43 INFO  no build target found for /Users/cccllc/Desktop/SE 350/FinanceHelper/src/main/java/com/financehelper/model/Expense.java. Using fallback presentation compiler.
2026.05.23 23:19:43 INFO  no build target found for /Users/cccllc/Desktop/SE 350/FinanceHelper/src/main/java/com/financehelper/model/Expense.java. Using fallback presentation compiler.
2026.05.23 23:19:48 INFO  no build target found for /Users/cccllc/Desktop/SE 350/FinanceHelper/src/main/java/com/financehelper/model/Expense.java. Using fallback presentation compiler.
2026.05.23 23:19:48 INFO  no build target found for /Users/cccllc/Desktop/SE 350/FinanceHelper/src/main/java/com/financehelper/factory/ExpenseFactory.java. Using fallback presentation compiler.
2026.05.23 23:19:48 INFO  no build target found for /Users/cccllc/Desktop/SE 350/FinanceHelper/src/main/java/com/financehelper/factory/ExpenseFactory.java. Using fallback presentation compiler.
2026.05.23 23:19:59 INFO  no build target found for /Users/cccllc/Desktop/SE 350/FinanceHelper/src/main/java/com/financehelper/factory/ExpenseFactory.java. Using fallback presentation compiler.
2026.05.23 23:19:59 INFO  no build target found for /Users/cccllc/Desktop/SE 350/FinanceHelper/src/main/java/com/financehelper/observer/SummaryObserver.java. Using fallback presentation compiler.
2026.05.23 23:19:59 INFO  no build target found for /Users/cccllc/Desktop/SE 350/FinanceHelper/src/main/java/com/financehelper/observer/SummaryObserver.java. Using fallback presentation compiler.
2026.05.23 23:19:59 INFO  no build target found for /Users/cccllc/Desktop/SE 350/FinanceHelper/src/main/java/com/financehelper/observer/SummaryObserver.java. Using fallback presentation compiler.
2026.05.23 23:20:08 INFO  no build target found for /Users/cccllc/Desktop/SE 350/FinanceHelper/src/main/java/com/financehelper/observer/SummaryObserver.java. Using fallback presentation compiler.
2026.05.23 23:20:08 INFO  no build target found for /Users/cccllc/Desktop/SE 350/FinanceHelper/src/main/java/com/financehelper/service/MarginCalculatorService.java. Using fallback presentation compiler.
2026.05.23 23:20:08 INFO  no build target found for /Users/cccllc/Desktop/SE 350/FinanceHelper/src/main/java/com/financehelper/service/MarginCalculatorService.java. Using fallback presentation compiler.
2026.05.23 23:20:08 INFO  no build target found for /Users/cccllc/Desktop/SE 350/FinanceHelper/src/main/java/com/financehelper/service/MarginCalculatorService.java. Using fallback presentation compiler.
2026.05.23 23:20:08 INFO  no build target found for /Users/cccllc/Desktop/SE 350/FinanceHelper/src/main/java/com/financehelper/service/MarginCalculatorService.java. Using fallback presentation compiler.
2026.05.23 23:20:10 INFO  no build target found for /Users/cccllc/Desktop/SE 350/FinanceHelper/src/main/java/com/financehelper/service/MarginCalculatorService.java. Using fallback presentation compiler.
2026.05.23 23:20:15 INFO  no build target found for /Users/cccllc/Desktop/SE 350/FinanceHelper/src/main/java/com/financehelper/service/MarginCalculatorService.java. Using fallback presentation compiler.
2026.05.23 23:20:17 INFO  no build target found for /Users/cccllc/Desktop/SE 350/FinanceHelper/src/main/java/com/financehelper/service/MarginCalculatorService.java. Using fallback presentation compiler.
2026.05.23 23:20:17 INFO  no build target found for /Users/cccllc/Desktop/SE 350/FinanceHelper/src/main/java/com/financehelper/service/MarginCalculatorService.java. Using fallback presentation compiler.
2026.05.23 23:20:18 INFO  no build target found for /Users/cccllc/Desktop/SE 350/FinanceHelper/src/main/java/com/financehelper/service/MarginCalculatorService.java. Using fallback presentation compiler.
2026.05.23 23:21:01 INFO  no build target found for /Users/cccllc/Desktop/SE 350/FinanceHelper/src/main/java/com/financehelper/service/MarginCalculatorService.java. Using fallback presentation compiler.
2026.05.23 23:21:03 INFO  no build target found for /Users/cccllc/Desktop/SE 350/FinanceHelper/src/main/java/com/financehelper/service/MarginCalculatorService.java. Using fallback presentation compiler.
2026.05.23 23:21:03 INFO  no build target found for /Users/cccllc/Desktop/SE 350/FinanceHelper/src/main/java/com/financehelper/model/Expense.java. Using fallback presentation compiler.
2026.05.23 23:21:03 INFO  no build target found for /Users/cccllc/Desktop/SE 350/FinanceHelper/src/main/java/com/financehelper/model/Expense.java. Using fallback presentation compiler.
2026.05.23 23:21:03 INFO  no build target found for /Users/cccllc/Desktop/SE 350/FinanceHelper/src/main/java/com/financehelper/model/Expense.java. Using fallback presentation compiler.
2026.05.23 23:21:49 INFO  no build target found for /Users/cccllc/Desktop/SE 350/FinanceHelper/src/main/java/com/financehelper/model/Expense.java. Using fallback presentation compiler.
2026.05.23 23:21:51 INFO  no build target found for /Users/cccllc/Desktop/SE 350/FinanceHelper/src/main/java/com/financehelper/model/Expense.java. Using fallback presentation compiler.
2026.05.23 23:21:51 INFO  no build target found for /Users/cccllc/Desktop/SE 350/FinanceHelper/src/main/java/com/financehelper/model/MarginResult.java. Using fallback presentation compiler.
2026.05.23 23:21:51 INFO  no build target found for /Users/cccllc/Desktop/SE 350/FinanceHelper/src/main/java/com/financehelper/model/MarginResult.java. Using fallback presentation compiler.
2026.05.23 23:21:51 INFO  no build target found for /Users/cccllc/Desktop/SE 350/FinanceHelper/src/main/java/com/financehelper/model/MarginResult.java. Using fallback presentation compiler.
2026.05.23 23:22:06 INFO  no build target found for /Users/cccllc/Desktop/SE 350/FinanceHelper/src/main/java/com/financehelper/model/MarginResult.java. Using fallback presentation compiler.
2026.05.23 23:22:06 INFO  no build target found for /Users/cccllc/Desktop/SE 350/FinanceHelper/src/main/java/com/financehelper/service/MarginCalculatorService.java. Using fallback presentation compiler.
2026.05.23 23:22:06 INFO  no build target found for /Users/cccllc/Desktop/SE 350/FinanceHelper/src/main/java/com/financehelper/service/MarginCalculatorService.java. Using fallback presentation compiler.
2026.05.23 23:22:06 INFO  no build target found for /Users/cccllc/Desktop/SE 350/FinanceHelper/src/main/java/com/financehelper/service/MarginCalculatorService.java. Using fallback presentation compiler.
2026.05.23 23:22:06 INFO  no build target found for /Users/cccllc/Desktop/SE 350/FinanceHelper/src/main/java/com/financehelper/service/MarginCalculatorService.java. Using fallback presentation compiler.
2026.05.23 23:22:43 INFO  no build target found for /Users/cccllc/Desktop/SE 350/FinanceHelper/src/main/java/com/financehelper/service/MarginCalculatorService.java. Using fallback presentation compiler.
2026.05.23 23:23:26 INFO  no build target found for /Users/cccllc/Desktop/SE 350/FinanceHelper/src/main/java/com/financehelper/service/MarginCalculatorService.java. Using fallback presentation compiler.
2026.05.23 23:23:27 INFO  no build target found for /Users/cccllc/Desktop/SE 350/FinanceHelper/src/main/java/com/financehelper/service/MarginCalculatorService.java. Using fallback presentation compiler.
2026.05.23 23:23:27 INFO  no build target found for /Users/cccllc/Desktop/SE 350/FinanceHelper/src/main/java/com/financehelper/model/Expense.java. Using fallback presentation compiler.
2026.05.23 23:23:27 INFO  no build target found for /Users/cccllc/Desktop/SE 350/FinanceHelper/src/main/java/com/financehelper/model/Expense.java. Using fallback presentation compiler.
2026.05.23 23:23:27 INFO  no build target found for /Users/cccllc/Desktop/SE 350/FinanceHelper/src/main/java/com/financehelper/model/Expense.java. Using fallback presentation compiler.
2026.05.23 23:23:27 INFO  no build target found for /Users/cccllc/Desktop/SE 350/FinanceHelper/src/main/java/com/financehelper/model/Expense.java. Using fallback presentation compiler.
2026.05.23 23:23:27 INFO  no build target found for /Users/cccllc/Desktop/SE 350/FinanceHelper/src/main/java/com/financehelper/model/MarginResult.java. Using fallback presentation compiler.
2026.05.23 23:23:28 INFO  no build target found for /Users/cccllc/Desktop/SE 350/FinanceHelper/src/main/java/com/financehelper/model/MarginResult.java. Using fallback presentation compiler.
2026.05.23 23:23:27 INFO  no build target found for /Users/cccllc/Desktop/SE 350/FinanceHelper/src/main/java/com/financehelper/model/MarginResult.java. Using fallback presentation compiler.
2026.05.23 23:23:29 INFO  no build target found for /Users/cccllc/Desktop/SE 350/FinanceHelper/src/main/java/com/financehelper/model/MarginResult.java. Using fallback presentation compiler.
2026.05.23 23:23:31 INFO  no build target found for /Users/cccllc/Desktop/SE 350/FinanceHelper/src/main/java/com/financehelper/model/MarginResult.java. Using fallback presentation compiler.
2026.05.23 23:24:45 INFO  no build target found for /Users/cccllc/Desktop/SE 350/FinanceHelper/src/main/java/com/financehelper/model/MarginResult.java. Using fallback presentation compiler.
2026.05.23 23:25:12 INFO  no build target found for /Users/cccllc/Desktop/SE 350/FinanceHelper/src/main/java/com/financehelper/model/MarginResult.java. Using fallback presentation compiler.
2026.05.23 23:25:12 INFO  no build target found for /Users/cccllc/Desktop/SE 350/FinanceHelper/src/main/java/com/financehelper/service/MarginCalculatorService.java. Using fallback presentation compiler.
2026.05.23 23:25:12 INFO  no build target found for /Users/cccllc/Desktop/SE 350/FinanceHelper/src/main/java/com/financehelper/service/MarginCalculatorService.java. Using fallback presentation compiler.
2026.05.23 23:25:12 INFO  no build target found for /Users/cccllc/Desktop/SE 350/FinanceHelper/src/main/java/com/financehelper/service/MarginCalculatorService.java. Using fallback presentation compiler.
2026.05.23 23:25:12 INFO  no build target found for /Users/cccllc/Desktop/SE 350/FinanceHelper/src/main/java/com/financehelper/service/MarginCalculatorService.java. Using fallback presentation compiler.
2026.05.23 23:25:20 INFO  no build target found for /Users/cccllc/Desktop/SE 350/FinanceHelper/src/main/java/com/financehelper/service/MarginCalculatorService.java. Using fallback presentation compiler.
2026.05.23 23:25:56 INFO  no build target found for /Users/cccllc/Desktop/SE 350/FinanceHelper/src/main/java/com/financehelper/service/MarginCalculatorService.java. Using fallback presentation compiler.
2026.05.23 23:25:56 INFO  no build target found for /Users/cccllc/Desktop/SE 350/FinanceHelper/src/main/java/com/financehelper/observer/MarginObserver.java. Using fallback presentation compiler.
2026.05.23 23:25:56 INFO  no build target found for /Users/cccllc/Desktop/SE 350/FinanceHelper/src/main/java/com/financehelper/observer/MarginObserver.java. Using fallback presentation compiler.
2026.05.23 23:25:56 INFO  no build target found for /Users/cccllc/Desktop/SE 350/FinanceHelper/src/main/java/com/financehelper/observer/MarginObserver.java. Using fallback presentation compiler.
2026.05.23 23:26:04 INFO  no build target found for /Users/cccllc/Desktop/SE 350/FinanceHelper/src/main/java/com/financehelper/observer/MarginObserver.java. Using fallback presentation compiler.
2026.05.23 23:26:04 INFO  no build target found for /Users/cccllc/Desktop/SE 350/FinanceHelper/src/main/java/com/financehelper/service/MarginCalculatorService.java. Using fallback presentation compiler.
2026.05.23 23:26:04 INFO  no build target found for /Users/cccllc/Desktop/SE 350/FinanceHelper/src/main/java/com/financehelper/service/MarginCalculatorService.java. Using fallback presentation compiler.
2026.05.23 23:26:04 INFO  no build target found for /Users/cccllc/Desktop/SE 350/FinanceHelper/src/main/java/com/financehelper/service/MarginCalculatorService.java. Using fallback presentation compiler.
2026.05.23 23:26:04 INFO  no build target found for /Users/cccllc/Desktop/SE 350/FinanceHelper/src/main/java/com/financehelper/service/MarginCalculatorService.java. Using fallback presentation compiler.
2026.05.23 23:26:14 INFO  no build target found for /Users/cccllc/Desktop/SE 350/FinanceHelper/src/main/java/com/financehelper/service/MarginCalculatorService.java. Using fallback presentation compiler.
2026.05.23 23:26:14 INFO  no build target found for /Users/cccllc/Desktop/SE 350/FinanceHelper/src/main/java/com/financehelper/observer/MarginObserver.java. Using fallback presentation compiler.
2026.05.23 23:26:14 INFO  no build target found for /Users/cccllc/Desktop/SE 350/FinanceHelper/src/main/java/com/financehelper/observer/MarginObserver.java. Using fallback presentation compiler.
2026.05.23 23:26:14 INFO  no build target found for /Users/cccllc/Desktop/SE 350/FinanceHelper/src/main/java/com/financehelper/observer/MarginObserver.java. Using fallback presentation compiler.
2026.05.23 23:26:20 INFO  no build target found for /Users/cccllc/Desktop/SE 350/FinanceHelper/src/main/java/com/financehelper/observer/MarginObserver.java. Using fallback presentation compiler.
2026.05.23 23:26:20 INFO  no build target found for /Users/cccllc/Desktop/SE 350/FinanceHelper/src/main/java/com/financehelper/observer/SummaryObserver.java. Using fallback presentation compiler.
2026.05.23 23:26:20 INFO  no build target found for /Users/cccllc/Desktop/SE 350/FinanceHelper/src/main/java/com/financehelper/observer/SummaryObserver.java. Using fallback presentation compiler.
2026.05.23 23:26:20 INFO  no build target found for /Users/cccllc/Desktop/SE 350/FinanceHelper/src/main/java/com/financehelper/observer/SummaryObserver.java. Using fallback presentation compiler.
2026.05.23 23:27:44 INFO  no build target found for /Users/cccllc/Desktop/SE 350/FinanceHelper/src/main/java/com/financehelper/observer/SummaryObserver.java. Using fallback presentation compiler.
2026.05.23 23:31:41 INFO  no build target found for /Users/cccllc/Desktop/SE 350/FinanceHelper/src/main/java/com/financehelper/observer/SummaryObserver.java. Using fallback presentation compiler.
2026.05.23 23:31:41 INFO  no build target found for /Users/cccllc/Desktop/SE 350/FinanceHelper/src/main/java/com/financehelper/model/MarginResult.java. Using fallback presentation compiler.
2026.05.23 23:31:41 INFO  no build target found for /Users/cccllc/Desktop/SE 350/FinanceHelper/src/main/java/com/financehelper/model/MarginResult.java. Using fallback presentation compiler.
2026.05.23 23:31:41 INFO  no build target found for /Users/cccllc/Desktop/SE 350/FinanceHelper/src/main/java/com/financehelper/model/MarginResult.java. Using fallback presentation compiler.
2026.05.23 23:31:48 INFO  no build target found for /Users/cccllc/Desktop/SE 350/FinanceHelper/src/main/java/com/financehelper/model/MarginResult.java. Using fallback presentation compiler.
2026.05.23 23:32:42 INFO  no build target found for /Users/cccllc/Desktop/SE 350/FinanceHelper/src/main/java/com/financehelper/model/MarginResult.java. Using fallback presentation compiler.
2026.05.23 23:32:42 INFO  no build target found for /Users/cccllc/Desktop/SE 350/FinanceHelper/src/main/java/com/financehelper/service/MarginCalculatorService.java. Using fallback presentation compiler.
2026.05.23 23:32:42 INFO  no build target found for /Users/cccllc/Desktop/SE 350/FinanceHelper/src/main/java/com/financehelper/service/MarginCalculatorService.java. Using fallback presentation compiler.
2026.05.23 23:32:42 INFO  no build target found for /Users/cccllc/Desktop/SE 350/FinanceHelper/src/main/java/com/financehelper/service/MarginCalculatorService.java. Using fallback presentation compiler.
2026.05.23 23:32:42 INFO  no build target found for /Users/cccllc/Desktop/SE 350/FinanceHelper/src/main/java/com/financehelper/service/MarginCalculatorService.java. Using fallback presentation compiler.
2026.05.23 23:34:16 INFO  no build target found for /Users/cccllc/Desktop/SE 350/FinanceHelper/src/main/java/com/financehelper/service/MarginCalculatorService.java. Using fallback presentation compiler.
2026.05.23 23:34:19 INFO  no build target found for /Users/cccllc/Desktop/SE 350/FinanceHelper/src/main/java/com/financehelper/service/MarginCalculatorService.java. Using fallback presentation compiler.
2026.05.23 23:34:19 INFO  no build target found for /Users/cccllc/Desktop/SE 350/FinanceHelper/src/main/java/com/financehelper/observer/MarginObserver.java. Using fallback presentation compiler.
2026.05.23 23:34:19 INFO  no build target found for /Users/cccllc/Desktop/SE 350/FinanceHelper/src/main/java/com/financehelper/observer/MarginObserver.java. Using fallback presentation compiler.
2026.05.23 23:34:22 INFO  no build target found for /Users/cccllc/Desktop/SE 350/FinanceHelper/src/main/java/com/financehelper/observer/MarginObserver.java. Using fallback presentation compiler.
2026.05.23 23:34:31 INFO  no build target found for /Users/cccllc/Desktop/SE 350/FinanceHelper/src/main/java/com/financehelper/observer/MarginObserver.java. Using fallback presentation compiler.
2026.05.23 23:34:31 INFO  no build target found for /Users/cccllc/Desktop/SE 350/FinanceHelper/src/main/java/com/financehelper/observer/MarginObserver.java. Using fallback presentation compiler.
2026.05.23 23:34:31 INFO  no build target found for /Users/cccllc/Desktop/SE 350/FinanceHelper/src/main/java/com/financehelper/observer/MarginObserver.java. Using fallback presentation compiler.
2026.05.23 23:34:34 INFO  no build target found for /Users/cccllc/Desktop/SE 350/FinanceHelper/src/main/java/com/financehelper/observer/MarginObserver.java. Using fallback presentation compiler.
2026.05.23 23:35:08 INFO  no build target found for /Users/cccllc/Desktop/SE 350/FinanceHelper/src/main/java/com/financehelper/observer/MarginObserver.java. Using fallback presentation compiler.
2026.05.23 23:35:08 INFO  no build target found for /Users/cccllc/Desktop/SE 350/FinanceHelper/src/main/java/com/financehelper/service/MarginCalculatorService.java. Using fallback presentation compiler.
2026.05.23 23:35:08 INFO  no build target found for /Users/cccllc/Desktop/SE 350/FinanceHelper/src/main/java/com/financehelper/service/MarginCalculatorService.java. Using fallback presentation compiler.
2026.05.23 23:35:08 INFO  no build target found for /Users/cccllc/Desktop/SE 350/FinanceHelper/src/main/java/com/financehelper/service/MarginCalculatorService.java. Using fallback presentation compiler.
2026.05.23 23:35:08 INFO  no build target found for /Users/cccllc/Desktop/SE 350/FinanceHelper/src/main/java/com/financehelper/service/MarginCalculatorService.java. Using fallback presentation compiler.
2026.05.23 23:35:20 INFO  no build target found for /Users/cccllc/Desktop/SE 350/FinanceHelper/src/main/java/com/financehelper/service/MarginCalculatorService.java. Using fallback presentation compiler.
2026.05.23 23:35:21 INFO  no build target found for /Users/cccllc/Desktop/SE 350/FinanceHelper/src/main/java/com/financehelper/service/MarginCalculatorService.java. Using fallback presentation compiler.
2026.05.23 23:35:34 INFO  no build target found for /Users/cccllc/Desktop/SE 350/FinanceHelper/src/main/java/com/financehelper/service/MarginCalculatorService.java. Using fallback presentation compiler.
2026.05.23 23:37:00 INFO  no build target found for /Users/cccllc/Desktop/SE 350/FinanceHelper/src/main/java/com/financehelper/service/MarginCalculatorService.java. Using fallback presentation compiler.
2026.05.23 23:37:05 INFO  no build target found for /Users/cccllc/Desktop/SE 350/FinanceHelper/src/main/java/com/financehelper/service/MarginCalculatorService.java. Using fallback presentation compiler.
2026.05.23 23:37:08 INFO  no build target found for /Users/cccllc/Desktop/SE 350/FinanceHelper/src/main/java/com/financehelper/service/MarginCalculatorService.java. Using fallback presentation compiler.
2026.05.23 23:37:09 INFO  no build target found for /Users/cccllc/Desktop/SE 350/FinanceHelper/src/main/java/com/financehelper/service/MarginCalculatorService.java. Using fallback presentation compiler.
2026.05.23 23:37:15 INFO  no build target found for /Users/cccllc/Desktop/SE 350/FinanceHelper/src/main/java/com/financehelper/ui/ConsoleUI.java. Using fallback presentation compiler.
2026.05.23 23:37:15 WARN  no build target for: /Users/cccllc/Desktop/SE 350/FinanceHelper/src/main/java/com/financehelper/ui/ConsoleUI.java
2026.05.23 23:37:16 INFO  no build target found for /Users/cccllc/Desktop/SE 350/FinanceHelper/src/main/java/com/financehelper/ui/ConsoleUI.java. Using fallback presentation compiler.
2026.05.23 23:37:15 INFO  no build target found for /Users/cccllc/Desktop/SE 350/FinanceHelper/src/main/java/com/financehelper/ui/ConsoleUI.java. Using fallback presentation compiler.
2026.05.23 23:37:15 INFO  no build target found for /Users/cccllc/Desktop/SE 350/FinanceHelper/src/main/java/com/financehelper/ui/ConsoleUI.java. Using fallback presentation compiler.
2026.05.23 23:37:41 INFO  no build target found for /Users/cccllc/Desktop/SE 350/FinanceHelper/src/main/java/com/financehelper/Main.java. Using fallback presentation compiler.
2026.05.23 23:37:41 WARN  no build target for: /Users/cccllc/Desktop/SE 350/FinanceHelper/src/main/java/com/financehelper/Main.java
2026.05.23 23:37:42 INFO  no build target found for /Users/cccllc/Desktop/SE 350/FinanceHelper/src/main/java/com/financehelper/Main.java. Using fallback presentation compiler.
2026.05.23 23:38:31 INFO  no build target found for /Users/cccllc/Desktop/SE 350/FinanceHelper/src/main/java/com/financehelper/service/MarginCalculatorService.java. Using fallback presentation compiler.
2026.05.23 23:38:31 INFO  no build target found for /Users/cccllc/Desktop/SE 350/FinanceHelper/src/main/java/com/financehelper/observer/LowMarginObserver.java. Using fallback presentation compiler.
2026.05.23 23:38:31 INFO  no build target found for /Users/cccllc/Desktop/SE 350/FinanceHelper/src/main/java/com/financehelper/observer/LowMarginObserver.java. Using fallback presentation compiler.
2026.05.23 23:38:31 INFO  no build target found for /Users/cccllc/Desktop/SE 350/FinanceHelper/src/main/java/com/financehelper/observer/LowMarginObserver.java. Using fallback presentation compiler.
2026.05.23 23:38:33 INFO  no build target found for /Users/cccllc/Desktop/SE 350/FinanceHelper/src/main/java/com/financehelper/Main.java. Using fallback presentation compiler.
2026.05.23 23:38:33 WARN  no build target for: /Users/cccllc/Desktop/SE 350/FinanceHelper/src/main/java/com/financehelper/Main.java
2026.05.23 23:38:33 INFO  no build target found for /Users/cccllc/Desktop/SE 350/FinanceHelper/src/main/java/com/financehelper/Main.java. Using fallback presentation compiler.
2026.05.23 23:38:57 INFO  no build target found for /Users/cccllc/Desktop/SE 350/FinanceHelper/src/main/java/com/financehelper/observer/LowMarginObserver.java. Using fallback presentation compiler.
2026.05.23 23:38:57 INFO  no build target found for /Users/cccllc/Desktop/SE 350/FinanceHelper/src/main/java/com/financehelper/service/MarginCalculatorService.java. Using fallback presentation compiler.
2026.05.23 23:38:57 INFO  no build target found for /Users/cccllc/Desktop/SE 350/FinanceHelper/src/main/java/com/financehelper/service/MarginCalculatorService.java. Using fallback presentation compiler.
2026.05.23 23:38:57 INFO  no build target found for /Users/cccllc/Desktop/SE 350/FinanceHelper/src/main/java/com/financehelper/service/MarginCalculatorService.java. Using fallback presentation compiler.
2026.05.23 23:38:57 INFO  no build target found for /Users/cccllc/Desktop/SE 350/FinanceHelper/src/main/java/com/financehelper/service/MarginCalculatorService.java. Using fallback presentation compiler.
2026.05.23 23:38:58 INFO  no build target found for /Users/cccllc/Desktop/SE 350/FinanceHelper/src/main/java/com/financehelper/service/MarginCalculatorService.java. Using fallback presentation compiler.
2026.05.23 23:39:07 INFO  no build target found for /Users/cccllc/Desktop/SE 350/FinanceHelper/src/main/java/com/financehelper/ui/ConsoleUI.java. Using fallback presentation compiler.
2026.05.23 23:39:07 WARN  no build target for: /Users/cccllc/Desktop/SE 350/FinanceHelper/src/main/java/com/financehelper/ui/ConsoleUI.java
2026.05.23 23:39:07 INFO  no build target found for /Users/cccllc/Desktop/SE 350/FinanceHelper/src/main/java/com/financehelper/ui/ConsoleUI.java. Using fallback presentation compiler.
2026.05.23 23:39:07 INFO  no build target found for /Users/cccllc/Desktop/SE 350/FinanceHelper/src/main/java/com/financehelper/ui/ConsoleUI.java. Using fallback presentation compiler.
2026.05.23 23:39:07 INFO  no build target found for /Users/cccllc/Desktop/SE 350/FinanceHelper/src/main/java/com/financehelper/ui/ConsoleUI.java. Using fallback presentation compiler.
2026.05.23 23:39:08 INFO  no build target found for /Users/cccllc/Desktop/SE 350/FinanceHelper/src/main/java/com/financehelper/ui/ConsoleUI.java. Using fallback presentation compiler.
2026.05.23 23:39:08 INFO  no build target found for /Users/cccllc/Desktop/SE 350/FinanceHelper/src/main/java/com/financehelper/Main.java. Using fallback presentation compiler.
2026.05.23 23:39:09 WARN  no build target for: /Users/cccllc/Desktop/SE 350/FinanceHelper/src/main/java/com/financehelper/Main.java
2026.05.23 23:39:09 INFO  no build target found for /Users/cccllc/Desktop/SE 350/FinanceHelper/src/main/java/com/financehelper/Main.java. Using fallback presentation compiler.
2026.05.23 23:39:10 INFO  no build target found for /Users/cccllc/Desktop/SE 350/FinanceHelper/src/main/java/com/financehelper/Main.java. Using fallback presentation compiler.
2026.05.23 23:40:50 INFO  no build target found for /Users/cccllc/Desktop/SE 350/FinanceHelper/src/main/java/com/financehelper/Main.java. Using fallback presentation compiler.
2026.05.23 23:40:50 INFO  no build target found for /Users/cccllc/Desktop/SE 350/FinanceHelper/src/main/java/com/financehelper/Main.java. Using fallback presentation compiler.
2026.05.23 23:40:51 INFO  no build target found for /Users/cccllc/Desktop/SE 350/FinanceHelper/src/main/java/com/financehelper/Main.java. Using fallback presentation compiler.
2026.05.23 23:41:40 INFO  no build target found for /Users/cccllc/Desktop/SE 350/FinanceHelper/src/main/java/com/financehelper/service/MarginCalculatorService.java. Using fallback presentation compiler.
2026.05.23 23:41:40 INFO  no build target found for /Users/cccllc/Desktop/SE 350/FinanceHelper/src/main/java/com/financehelper/observer/SummaryObserver.java. Using fallback presentation compiler.
2026.05.23 23:41:40 INFO  no build target found for /Users/cccllc/Desktop/SE 350/FinanceHelper/src/main/java/com/financehelper/observer/SummaryObserver.java. Using fallback presentation compiler.
2026.05.23 23:41:40 INFO  no build target found for /Users/cccllc/Desktop/SE 350/FinanceHelper/src/main/java/com/financehelper/observer/SummaryObserver.java. Using fallback presentation compiler.
2026.05.23 23:41:52 INFO  no build target found for /Users/cccllc/Desktop/SE 350/FinanceHelper/src/main/java/com/financehelper/observer/SummaryObserver.java. Using fallback presentation compiler.
2026.05.23 23:41:52 INFO  no build target found for /Users/cccllc/Desktop/SE 350/FinanceHelper/src/main/java/com/financehelper/observer/NegativeMarginObserver.java. Using fallback presentation compiler.
2026.05.23 23:41:52 INFO  no build target found for /Users/cccllc/Desktop/SE 350/FinanceHelper/src/main/java/com/financehelper/observer/NegativeMarginObserver.java. Using fallback presentation compiler.
2026.05.23 23:41:52 INFO  no build target found for /Users/cccllc/Desktop/SE 350/FinanceHelper/src/main/java/com/financehelper/observer/NegativeMarginObserver.java. Using fallback presentation compiler.
2026.05.23 23:42:49 INFO  no build target found for /Users/cccllc/Desktop/SE 350/FinanceHelper/src/main/java/com/financehelper/observer/NegativeMarginObserver.java. Using fallback presentation compiler.
2026.05.23 23:42:49 INFO  no build target found for /Users/cccllc/Desktop/SE 350/FinanceHelper/src/main/java/com/financehelper/observer/MarginObserver.java. Using fallback presentation compiler.
2026.05.23 23:42:50 INFO  no build target found for /Users/cccllc/Desktop/SE 350/FinanceHelper/src/main/java/com/financehelper/observer/MarginObserver.java. Using fallback presentation compiler.
2026.05.23 23:42:52 INFO  no build target found for /Users/cccllc/Desktop/SE 350/FinanceHelper/src/main/java/com/financehelper/observer/MarginObserver.java. Using fallback presentation compiler.
2026.05.23 23:42:55 INFO  no build target found for /Users/cccllc/Desktop/SE 350/FinanceHelper/src/main/java/com/financehelper/observer/MarginObserver.java. Using fallback presentation compiler.
2026.05.23 23:42:55 INFO  no build target found for /Users/cccllc/Desktop/SE 350/FinanceHelper/src/main/java/com/financehelper/observer/NegativeMarginObserver.java. Using fallback presentation compiler.
2026.05.23 23:42:55 INFO  no build target found for /Users/cccllc/Desktop/SE 350/FinanceHelper/src/main/java/com/financehelper/observer/NegativeMarginObserver.java. Using fallback presentation compiler.
2026.05.23 23:42:55 INFO  no build target found for /Users/cccllc/Desktop/SE 350/FinanceHelper/src/main/java/com/financehelper/observer/NegativeMarginObserver.java. Using fallback presentation compiler.
2026.05.23 23:43:00 INFO  no build target found for /Users/cccllc/Desktop/SE 350/FinanceHelper/src/main/java/com/financehelper/observer/NegativeMarginObserver.java. Using fallback presentation compiler.
2026.05.23 23:43:00 INFO  no build target found for /Users/cccllc/Desktop/SE 350/FinanceHelper/src/main/java/com/financehelper/observer/SummaryObserver.java. Using fallback presentation compiler.
2026.05.23 23:43:00 INFO  no build target found for /Users/cccllc/Desktop/SE 350/FinanceHelper/src/main/java/com/financehelper/observer/SummaryObserver.java. Using fallback presentation compiler.
2026.05.23 23:43:00 INFO  no build target found for /Users/cccllc/Desktop/SE 350/FinanceHelper/src/main/java/com/financehelper/observer/SummaryObserver.java. Using fallback presentation compiler.
2026.05.23 23:43:02 INFO  no build target found for /Users/cccllc/Desktop/SE 350/FinanceHelper/src/main/java/com/financehelper/observer/SummaryObserver.java. Using fallback presentation compiler.
2026.05.23 23:43:02 INFO  no build target found for /Users/cccllc/Desktop/SE 350/FinanceHelper/src/main/java/com/financehelper/observer/LowMarginObserver.java. Using fallback presentation compiler.
2026.05.23 23:43:02 INFO  no build target found for /Users/cccllc/Desktop/SE 350/FinanceHelper/src/main/java/com/financehelper/observer/LowMarginObserver.java. Using fallback presentation compiler.
2026.05.23 23:43:02 INFO  no build target found for /Users/cccllc/Desktop/SE 350/FinanceHelper/src/main/java/com/financehelper/observer/LowMarginObserver.java. Using fallback presentation compiler.
2026.05.23 23:43:36 INFO  no build target found for /Users/cccllc/Desktop/SE 350/FinanceHelper/src/main/java/com/financehelper/observer/LowMarginObserver.java. Using fallback presentation compiler.
2026.05.23 23:51:41 INFO  no build target found for /Users/cccllc/Desktop/SE 350/FinanceHelper/src/main/java/com/financehelper/observer/LowMarginObserver.java. Using fallback presentation compiler.
2026.05.23 23:52:00 INFO  no build target found for /Users/cccllc/Desktop/SE 350/FinanceHelper/src/main/java/com/financehelper/observer/LowMarginObserver.java. Using fallback presentation compiler.
2026.05.23 23:54:51 INFO  no build target found for /Users/cccllc/Desktop/SE 350/FinanceHelper/src/main/java/com/financehelper/observer/LowMarginObserver.java. Using fallback presentation compiler.
2026.05.23 23:55:04 INFO  no build target found for /Users/cccllc/Desktop/SE 350/FinanceHelper/src/main/java/com/financehelper/ui/ConsoleUI.java. Using fallback presentation compiler.
2026.05.23 23:55:04 WARN  no build target for: /Users/cccllc/Desktop/SE 350/FinanceHelper/src/main/java/com/financehelper/ui/ConsoleUI.java
2026.05.23 23:55:04 INFO  no build target found for /Users/cccllc/Desktop/SE 350/FinanceHelper/src/main/java/com/financehelper/ui/ConsoleUI.java. Using fallback presentation compiler.
2026.05.23 23:55:04 INFO  no build target found for /Users/cccllc/Desktop/SE 350/FinanceHelper/src/main/java/com/financehelper/ui/ConsoleUI.java. Using fallback presentation compiler.
2026.05.23 23:55:04 INFO  no build target found for /Users/cccllc/Desktop/SE 350/FinanceHelper/src/main/java/com/financehelper/ui/ConsoleUI.java. Using fallback presentation compiler.
2026.05.23 23:57:21 INFO  Shutting down server
2026.05.23 23:57:21 INFO  Memory monitor stopped
2026.05.23 23:57:21 INFO  shutting down Metals
2026.05.23 23:57:21 INFO  Exiting server
2026.05.23 23:57:21 ERROR Unexpected error initializing server: 
org.eclipse.lsp4j.jsonrpc.ResponseErrorException: Request window/showMessageRequest failed with message: Canceled
	at org.eclipse.lsp4j.jsonrpc.RemoteEndpoint.handleResponse(RemoteEndpoint.java:214)
	at org.eclipse.lsp4j.jsonrpc.RemoteEndpoint.consume(RemoteEndpoint.java:198)
	at org.eclipse.lsp4j.jsonrpc.json.StreamMessageProducer.handleMessage(StreamMessageProducer.java:189)
	at org.eclipse.lsp4j.jsonrpc.json.StreamMessageProducer.listen(StreamMessageProducer.java:97)
	at org.eclipse.lsp4j.jsonrpc.json.ConcurrentMessageProcessor.run(ConcurrentMessageProcessor.java:97)
	at java.util.concurrent.Executors$RunnableAdapter.call(Executors.java:545)
	at java.util.concurrent.FutureTask.run(FutureTask.java:328)
	at java.util.concurrent.ThreadPoolExecutor.runWorker(ThreadPoolExecutor.java:1095)
	at java.util.concurrent.ThreadPoolExecutor$Worker.run(ThreadPoolExecutor.java:619)
	at java.lang.Thread.run(Thread.java:1447)

2026.06.05 20:26:55 INFO  Started: Metals version 1.6.7 in folders '/Users/cccllc/Desktop/SE 350/FinanceHelper' for client Visual Studio Code 1.123.0.
2026.06.05 20:26:55 INFO  Memory monitor started
2026.06.05 20:26:55 WARN  Using H2 2.4.240 which is newer than the version Flyway has been verified with. The latest verified version of H2 is 2.3.232.
2026.06.05 20:26:56 INFO  no build target found for /Users/cccllc/Desktop/SE 350/FinanceHelper/src/main/java/com/financehelper/factory/ExpenseFactory.java. Using fallback presentation compiler.
2026.06.05 20:27:07 INFO  no build target found for /Users/cccllc/Desktop/SE 350/FinanceHelper/src/main/java/com/financehelper/factory/ExpenseFactory.java. Using fallback presentation compiler.
2026.06.05 20:27:07 INFO  no build target found for /Users/cccllc/Desktop/SE 350/FinanceHelper/src/main/java/com/financehelper/service/MarginCalculatorService.java. Using fallback presentation compiler.
2026.06.05 20:27:07 INFO  no build target found for /Users/cccllc/Desktop/SE 350/FinanceHelper/src/main/java/com/financehelper/service/MarginCalculatorService.java. Using fallback presentation compiler.
Jun 05, 2026 8:27:07 PM org.eclipse.lsp4j.jsonrpc.RemoteEndpoint handleCancellation
WARNING: Unmatched cancel notification for request id 7
2026.06.05 20:27:07 INFO  no build target found for /Users/cccllc/Desktop/SE 350/FinanceHelper/src/main/java/com/financehelper/service/MarginCalculatorService.java. Using fallback presentation compiler.
2026.06.05 20:27:07 INFO  no build target found for /Users/cccllc/Desktop/SE 350/FinanceHelper/src/main/java/com/financehelper/service/MarginCalculatorService.java. Using fallback presentation compiler.
2026.06.05 20:27:14 INFO  no build target found for /Users/cccllc/Desktop/SE 350/FinanceHelper/src/main/java/com/financehelper/service/MarginCalculatorService.java. Using fallback presentation compiler.
2026.06.05 20:27:14 INFO  no build target found for /Users/cccllc/Desktop/SE 350/FinanceHelper/src/main/java/com/financehelper/factory/ExpenseFactory.java. Using fallback presentation compiler.
2026.06.05 20:27:14 INFO  no build target found for /Users/cccllc/Desktop/SE 350/FinanceHelper/src/main/java/com/financehelper/factory/ExpenseFactory.java. Using fallback presentation compiler.
2026.06.05 20:27:32 INFO  no build target found for /Users/cccllc/Desktop/SE 350/FinanceHelper/src/main/java/com/financehelper/factory/ExpenseFactory.java. Using fallback presentation compiler.
2026.06.05 20:27:32 INFO  no build target found for /Users/cccllc/Desktop/SE 350/FinanceHelper/src/main/java/com/financehelper/factory/ExpenseFactory.java. Using fallback presentation compiler.
2026.06.05 20:27:32 INFO  no build target found for /Users/cccllc/Desktop/SE 350/FinanceHelper/src/main/java/com/financehelper/factory/ExpenseFactory.java. Using fallback presentation compiler.
2026.06.05 20:27:32 WARN  Running javac-semanticdb failed for file:///Users/cccllc/Desktop/SE%20350/FinanceHelper/src/main/java/com/financehelper/factory/ExpenseFactory.java. Output:

2026.06.05 20:27:33 INFO  no build target found for /Users/cccllc/Desktop/SE 350/FinanceHelper/src/main/java/com/financehelper/factory/ExpenseFactory.java. Using fallback presentation compiler.
2026.06.05 20:27:32 INFO  no build target found for /Users/cccllc/Desktop/SE 350/FinanceHelper/src/main/java/com/financehelper/factory/ExpenseFactory.java. Using fallback presentation compiler.
2026.06.05 20:27:33 INFO  no build target found for /Users/cccllc/Desktop/SE 350/FinanceHelper/src/main/java/com/financehelper/factory/ExpenseFactory.java. Using fallback presentation compiler.
2026.06.05 20:27:33 INFO  no build target found for /Users/cccllc/Desktop/SE 350/FinanceHelper/src/main/java/com/financehelper/factory/ExpenseFactory.java. Using fallback presentation compiler.
2026.06.05 20:27:33 INFO  no build target found for /Users/cccllc/Desktop/SE 350/FinanceHelper/src/main/java/com/financehelper/factory/ExpenseFactory.java. Using fallback presentation compiler.
2026.06.05 20:27:33 INFO  no build target found for /Users/cccllc/Desktop/SE 350/FinanceHelper/src/main/java/com/financehelper/factory/ExpenseFactory.java. Using fallback presentation compiler.
2026.06.05 22:18:35 INFO  no build target found for /Users/cccllc/Desktop/SE 350/FinanceHelper/src/main/java/com/financehelper/factory/ExpenseFactory.java. Using fallback presentation compiler.
2026.06.05 22:18:35 INFO  no build target found for /Users/cccllc/Desktop/SE 350/FinanceHelper/src/main/java/com/financehelper/model/MarginResult.java. Using fallback presentation compiler.
2026.06.05 22:18:35 INFO  no build target found for /Users/cccllc/Desktop/SE 350/FinanceHelper/src/main/java/com/financehelper/model/MarginResult.java. Using fallback presentation compiler.
2026.06.05 22:18:35 INFO  no build target found for /Users/cccllc/Desktop/SE 350/FinanceHelper/src/main/java/com/financehelper/model/MarginResult.java. Using fallback presentation compiler.
2026.06.05 22:18:36 INFO  no build target found for /Users/cccllc/Desktop/SE 350/FinanceHelper/src/main/java/com/financehelper/model/MarginResult.java. Using fallback presentation compiler.
2026.06.05 22:18:36 INFO  no build target found for /Users/cccllc/Desktop/SE 350/FinanceHelper/src/main/java/com/financehelper/model/MarginResult.java. Using fallback presentation compiler.
2026.06.05 22:18:36 INFO  no build target found for /Users/cccllc/Desktop/SE 350/FinanceHelper/src/main/java/com/financehelper/model/MarginResult.java. Using fallback presentation compiler.
2026.06.05 22:18:36 INFO  no build target found for /Users/cccllc/Desktop/SE 350/FinanceHelper/src/main/java/com/financehelper/model/MarginResult.java. Using fallback presentation compiler.
2026.06.05 22:18:36 WARN  Running javac-semanticdb failed for file:///Users/cccllc/Desktop/SE%20350/FinanceHelper/src/main/java/com/financehelper/model/MarginResult.java. Output:

2026.06.05 22:18:37 INFO  no build target found for /Users/cccllc/Desktop/SE 350/FinanceHelper/src/main/java/com/financehelper/model/MarginResult.java. Using fallback presentation compiler.
2026.06.05 22:18:37 INFO  no build target found for /Users/cccllc/Desktop/SE 350/FinanceHelper/src/main/java/com/financehelper/model/MarginResult.java. Using fallback presentation compiler.
2026.06.05 22:18:37 INFO  no build target found for /Users/cccllc/Desktop/SE 350/FinanceHelper/src/main/java/com/financehelper/model/MarginResult.java. Using fallback presentation compiler.
2026.06.05 22:18:39 INFO  no build target found for /Users/cccllc/Desktop/SE 350/FinanceHelper/src/main/java/com/financehelper/model/MarginResult.java. Using fallback presentation compiler.
2026.06.05 22:18:39 INFO  no build target found for /Users/cccllc/Desktop/SE 350/FinanceHelper/src/main/java/com/financehelper/model/MarginResult.java. Using fallback presentation compiler.
2026.06.05 22:18:39 INFO  no build target found for /Users/cccllc/Desktop/SE 350/FinanceHelper/src/main/java/com/financehelper/model/MarginResult.java. Using fallback presentation compiler.
2026.06.05 22:18:39 INFO  no build target found for /Users/cccllc/Desktop/SE 350/FinanceHelper/src/main/java/com/financehelper/model/MarginResult.java. Using fallback presentation compiler.
2026.06.05 22:18:42 INFO  no build target found for /Users/cccllc/Desktop/SE 350/FinanceHelper/src/main/java/com/financehelper/model/MarginResult.java. Using fallback presentation compiler.
2026.06.05 22:18:43 INFO  no build target found for /Users/cccllc/Desktop/SE 350/FinanceHelper/src/main/java/com/financehelper/model/MarginResult.java. Using fallback presentation compiler.
2026.06.05 22:18:43 INFO  no build target found for /Users/cccllc/Desktop/SE 350/FinanceHelper/src/main/java/com/financehelper/model/MarginResult.java. Using fallback presentation compiler.
2026.06.05 22:18:43 INFO  no build target found for /Users/cccllc/Desktop/SE 350/FinanceHelper/src/main/java/com/financehelper/model/MarginResult.java. Using fallback presentation compiler.
2026.06.05 22:18:43 INFO  no build target found for /Users/cccllc/Desktop/SE 350/FinanceHelper/src/main/java/com/financehelper/model/MarginResult.java. Using fallback presentation compiler.
2026.06.05 22:18:44 INFO  no build target found for /Users/cccllc/Desktop/SE 350/FinanceHelper/src/main/java/com/financehelper/model/MarginResult.java. Using fallback presentation compiler.
2026.06.05 22:18:44 INFO  no build target found for /Users/cccllc/Desktop/SE 350/FinanceHelper/src/main/java/com/financehelper/model/MarginResult.java. Using fallback presentation compiler.
2026.06.05 22:18:44 INFO  no build target found for /Users/cccllc/Desktop/SE 350/FinanceHelper/src/main/java/com/financehelper/model/MarginResult.java. Using fallback presentation compiler.
2026.06.05 22:18:47 INFO  no build target found for /Users/cccllc/Desktop/SE 350/FinanceHelper/src/main/java/com/financehelper/model/MarginResult.java. Using fallback presentation compiler.
2026.06.05 22:18:51 INFO  no build target found for /Users/cccllc/Desktop/SE 350/FinanceHelper/src/main/java/com/financehelper/model/MarginResult.java. Using fallback presentation compiler.
2026.06.05 22:18:51 INFO  no build target found for /Users/cccllc/Desktop/SE 350/FinanceHelper/src/main/java/com/financehelper/model/MarginResult.java. Using fallback presentation compiler.
2026.06.05 22:18:51 INFO  no build target found for /Users/cccllc/Desktop/SE 350/FinanceHelper/src/main/java/com/financehelper/model/MarginResult.java. Using fallback presentation compiler.
2026.06.05 22:18:51 INFO  no build target found for /Users/cccllc/Desktop/SE 350/FinanceHelper/src/main/java/com/financehelper/model/MarginResult.java. Using fallback presentation compiler.
2026.06.05 22:18:53 INFO  no build target found for /Users/cccllc/Desktop/SE 350/FinanceHelper/src/main/java/com/financehelper/model/MarginResult.java. Using fallback presentation compiler.
2026.06.05 22:18:53 INFO  no build target found for /Users/cccllc/Desktop/SE 350/FinanceHelper/src/main/java/com/financehelper/model/MarginResult.java. Using fallback presentation compiler.
2026.06.05 22:18:53 INFO  no build target found for /Users/cccllc/Desktop/SE 350/FinanceHelper/src/main/java/com/financehelper/model/MarginResult.java. Using fallback presentation compiler.
2026.06.05 22:18:53 INFO  no build target found for /Users/cccllc/Desktop/SE 350/FinanceHelper/src/main/java/com/financehelper/model/MarginResult.java. Using fallback presentation compiler.
2026.06.05 22:18:53 INFO  no build target found for /Users/cccllc/Desktop/SE 350/FinanceHelper/src/main/java/com/financehelper/model/MarginResult.java. Using fallback presentation compiler.
2026.06.05 22:18:53 INFO  no build target found for /Users/cccllc/Desktop/SE 350/FinanceHelper/src/main/java/com/financehelper/model/MarginResult.java. Using fallback presentation compiler.
2026.06.05 22:18:53 INFO  no build target found for /Users/cccllc/Desktop/SE 350/FinanceHelper/src/main/java/com/financehelper/model/MarginResult.java. Using fallback presentation compiler.
2026.06.05 22:18:53 INFO  no build target found for /Users/cccllc/Desktop/SE 350/FinanceHelper/src/main/java/com/financehelper/model/MarginResult.java. Using fallback presentation compiler.
2026.06.05 22:18:53 INFO  no build target found for /Users/cccllc/Desktop/SE 350/FinanceHelper/src/main/java/com/financehelper/model/MarginResult.java. Using fallback presentation compiler.
2026.06.05 22:18:53 INFO  no build target found for /Users/cccllc/Desktop/SE 350/FinanceHelper/src/main/java/com/financehelper/model/MarginResult.java. Using fallback presentation compiler.
2026.06.05 22:18:54 INFO  no build target found for /Users/cccllc/Desktop/SE 350/FinanceHelper/src/main/java/com/financehelper/model/MarginResult.java. Using fallback presentation compiler.
2026.06.05 22:18:53 INFO  no build target found for /Users/cccllc/Desktop/SE 350/FinanceHelper/src/main/java/com/financehelper/model/MarginResult.java. Using fallback presentation compiler.
2026.06.05 22:18:53 INFO  no build target found for /Users/cccllc/Desktop/SE 350/FinanceHelper/src/main/java/com/financehelper/model/MarginResult.java. Using fallback presentation compiler.
2026.06.05 22:18:53 INFO  no build target found for /Users/cccllc/Desktop/SE 350/FinanceHelper/src/main/java/com/financehelper/model/MarginResult.java. Using fallback presentation compiler.
2026.06.05 22:18:54 INFO  no build target found for /Users/cccllc/Desktop/SE 350/FinanceHelper/src/main/java/com/financehelper/model/MarginResult.java. Using fallback presentation compiler.
2026.06.05 22:18:54 INFO  no build target found for /Users/cccllc/Desktop/SE 350/FinanceHelper/src/main/java/com/financehelper/model/MarginResult.java. Using fallback presentation compiler.
2026.06.05 22:18:54 INFO  no build target found for /Users/cccllc/Desktop/SE 350/FinanceHelper/src/main/java/com/financehelper/model/MarginResult.java. Using fallback presentation compiler.
2026.06.05 22:18:54 INFO  no build target found for /Users/cccllc/Desktop/SE 350/FinanceHelper/src/main/java/com/financehelper/model/MarginResult.java. Using fallback presentation compiler.
2026.06.05 22:18:54 INFO  no build target found for /Users/cccllc/Desktop/SE 350/FinanceHelper/src/main/java/com/financehelper/model/MarginResult.java. Using fallback presentation compiler.
2026.06.05 22:18:54 INFO  no build target found for /Users/cccllc/Desktop/SE 350/FinanceHelper/src/main/java/com/financehelper/model/MarginResult.java. Using fallback presentation compiler.
2026.06.05 22:18:54 INFO  no build target found for /Users/cccllc/Desktop/SE 350/FinanceHelper/src/main/java/com/financehelper/model/MarginResult.java. Using fallback presentation compiler.
2026.06.05 22:18:54 INFO  no build target found for /Users/cccllc/Desktop/SE 350/FinanceHelper/src/main/java/com/financehelper/model/MarginResult.java. Using fallback presentation compiler.
2026.06.05 22:18:54 INFO  no build target found for /Users/cccllc/Desktop/SE 350/FinanceHelper/src/main/java/com/financehelper/model/MarginResult.java. Using fallback presentation compiler.
2026.06.05 22:18:54 INFO  no build target found for /Users/cccllc/Desktop/SE 350/FinanceHelper/src/main/java/com/financehelper/model/MarginResult.java. Using fallback presentation compiler.
2026.06.05 22:18:55 INFO  no build target found for /Users/cccllc/Desktop/SE 350/FinanceHelper/src/main/java/com/financehelper/model/MarginResult.java. Using fallback presentation compiler.
2026.06.05 22:19:07 INFO  no build target found for /Users/cccllc/Desktop/SE 350/FinanceHelper/src/main/java/com/financehelper/model/MarginResult.java. Using fallback presentation compiler.
2026.06.05 22:19:07 INFO  no build target found for /Users/cccllc/Desktop/SE 350/FinanceHelper/src/main/java/com/financehelper/model/MarginResultBuilder.java. Using fallback presentation compiler.
2026.06.05 22:19:07 INFO  no build target found for /Users/cccllc/Desktop/SE 350/FinanceHelper/src/main/java/com/financehelper/model/MarginResultBuilder.java. Using fallback presentation compiler.
2026.06.05 22:19:07 INFO  no build target found for /Users/cccllc/Desktop/SE 350/FinanceHelper/src/main/java/com/financehelper/model/MarginResultBuilder.java. Using fallback presentation compiler.
2026.06.05 22:19:07 INFO  no build target found for /Users/cccllc/Desktop/SE 350/FinanceHelper/src/main/java/com/financehelper/model/MarginResultBuilder.java. Using fallback presentation compiler.
2026.06.05 22:19:07 INFO  no build target found for /Users/cccllc/Desktop/SE 350/FinanceHelper/src/main/java/com/financehelper/model/MarginResultBuilder.java. Using fallback presentation compiler.
2026.06.05 22:19:08 INFO  no build target found for /Users/cccllc/Desktop/SE 350/FinanceHelper/src/main/java/com/financehelper/model/MarginResultBuilder.java. Using fallback presentation compiler.
2026.06.05 22:19:10 INFO  no build target found for /Users/cccllc/Desktop/SE 350/FinanceHelper/src/main/java/com/financehelper/model/MarginResultBuilder.java. Using fallback presentation compiler.
2026.06.05 22:19:10 INFO  no build target found for /Users/cccllc/Desktop/SE 350/FinanceHelper/src/main/java/com/financehelper/model/MarginResultBuilder.java. Using fallback presentation compiler.
2026.06.05 22:19:10 INFO  no build target found for /Users/cccllc/Desktop/SE 350/FinanceHelper/src/main/java/com/financehelper/model/MarginResultBuilder.java. Using fallback presentation compiler.
2026.06.05 22:19:10 INFO  no build target found for /Users/cccllc/Desktop/SE 350/FinanceHelper/src/main/java/com/financehelper/model/MarginResultBuilder.java. Using fallback presentation compiler.
2026.06.05 22:19:27 INFO  no build target found for /Users/cccllc/Desktop/SE 350/FinanceHelper/src/main/java/com/financehelper/model/MarginResultBuilder.java. Using fallback presentation compiler.
2026.06.05 22:19:28 INFO  no build target found for /Users/cccllc/Desktop/SE 350/FinanceHelper/src/main/java/com/financehelper/model/MarginResultBuilder.java. Using fallback presentation compiler.
2026.06.05 22:19:28 INFO  no build target found for /Users/cccllc/Desktop/SE 350/FinanceHelper/src/main/java/com/financehelper/model/MarginResultBuilder.java. Using fallback presentation compiler.
2026.06.05 22:19:28 INFO  no build target found for /Users/cccllc/Desktop/SE 350/FinanceHelper/src/main/java/com/financehelper/model/MarginResultBuilder.java. Using fallback presentation compiler.
2026.06.05 22:19:28 INFO  no build target found for /Users/cccllc/Desktop/SE 350/FinanceHelper/src/main/java/com/financehelper/model/MarginResultBuilder.java. Using fallback presentation compiler.
2026.06.05 22:19:29 INFO  no build target found for /Users/cccllc/Desktop/SE 350/FinanceHelper/src/main/java/com/financehelper/model/MarginResultBuilder.java. Using fallback presentation compiler.
2026.06.05 22:19:29 INFO  no build target found for /Users/cccllc/Desktop/SE 350/FinanceHelper/src/main/java/com/financehelper/model/MarginResultBuilder.java. Using fallback presentation compiler.
2026.06.05 22:19:29 INFO  no build target found for /Users/cccllc/Desktop/SE 350/FinanceHelper/src/main/java/com/financehelper/model/MarginResultBuilder.java. Using fallback presentation compiler.
Jun 05, 2026 10:19:29 PM org.eclipse.lsp4j.jsonrpc.RemoteEndpoint fallbackResponseError
SEVERE: Internal error: Range [-1, 685) out of bounds for length 2217
java.lang.StringIndexOutOfBoundsException: Range [-1, 685) out of bounds for length 2217
	at java.base/jdk.internal.util.Preconditions$1.apply(Preconditions.java:55)
	at java.base/jdk.internal.util.Preconditions$1.apply(Preconditions.java:52)
	at java.base/jdk.internal.util.Preconditions$4.apply(Preconditions.java:213)
	at java.base/jdk.internal.util.Preconditions$4.apply(Preconditions.java:210)
	at java.base/jdk.internal.util.Preconditions.outOfBounds(Preconditions.java:98)
	at java.base/jdk.internal.util.Preconditions.outOfBoundsCheckFromToIndex(Preconditions.java:112)
	at java.base/jdk.internal.util.Preconditions.checkFromToIndex(Preconditions.java:349)
	at java.base/java.lang.String.checkBoundsBeginEnd(String.java:4950)
	at java.base/java.lang.String.substring(String.java:2912)
	at scala.meta.internal.pc.JavaMetalsGlobal.findIndentifierStartAndEnd(JavaMetalsGlobal.scala:87)
	at scala.meta.internal.pc.JavaMetalsGlobal.isAtIdentifier(JavaMetalsGlobal.scala:137)
	at scala.meta.internal.pc.JavaDocumentHighlightProvider.atIdentifier$1(JavaDocumentHighlightProvider.scala:53)
	at scala.meta.internal.pc.JavaDocumentHighlightProvider.documentHighlight(JavaDocumentHighlightProvider.scala:55)
	at scala.meta.internal.pc.JavaDocumentHighlightProvider.documentHighlight(JavaDocumentHighlightProvider.scala:25)
	at scala.meta.internal.pc.JavaPresentationCompiler.documentHighlight(JavaPresentationCompiler.scala:112)
	at scala.meta.internal.metals.Compilers.$anonfun$documentHighlight$1(Compilers.scala:908)
	at scala.meta.internal.metals.Compilers.$anonfun$withPCAndAdjustLsp$4(Compilers.scala:1543)
	at scala.Option.map(Option.scala:242)
	at scala.meta.internal.metals.Compilers.$anonfun$withPCAndAdjustLsp$3(Compilers.scala:1543)
	at scala.Option.flatMap(Option.scala:283)
	at scala.meta.internal.metals.Compilers.withPCAndAdjustLsp(Compilers.scala:1535)
	at scala.meta.internal.metals.Compilers.documentHighlight(Compilers.scala:903)
	at scala.meta.internal.metals.MetalsLspService.$anonfun$documentHighlights$1(MetalsLspService.scala:1019)
	at scala.meta.internal.metals.CancelTokens$.future(CancelTokens.scala:38)
	at scala.meta.internal.metals.MetalsLspService.documentHighlights(MetalsLspService.scala:1018)
	at scala.meta.internal.metals.WorkspaceLspService.documentHighlights(WorkspaceLspService.scala:541)
	at scala.meta.metals.lsp.DelegatingScalaService.documentHighlights(DelegatingScalaService.scala:83)
	at java.base/jdk.internal.reflect.DirectMethodHandleAccessor.invoke(DirectMethodHandleAccessor.java:104)
	at java.base/java.lang.reflect.Method.invoke(Method.java:565)
	at org.eclipse.lsp4j.jsonrpc.services.GenericEndpoint.lambda$recursiveFindRpcMethods$0(GenericEndpoint.java:65)
	at org.eclipse.lsp4j.jsonrpc.services.GenericEndpoint.request(GenericEndpoint.java:128)
	at org.eclipse.lsp4j.jsonrpc.RemoteEndpoint.handleRequest(RemoteEndpoint.java:265)
	at org.eclipse.lsp4j.jsonrpc.RemoteEndpoint.consume(RemoteEndpoint.java:195)
	at org.eclipse.lsp4j.jsonrpc.json.StreamMessageProducer.handleMessage(StreamMessageProducer.java:189)
	at org.eclipse.lsp4j.jsonrpc.json.StreamMessageProducer.listen(StreamMessageProducer.java:97)
	at org.eclipse.lsp4j.jsonrpc.json.ConcurrentMessageProcessor.run(ConcurrentMessageProcessor.java:97)
	at java.base/java.util.concurrent.Executors$RunnableAdapter.call(Executors.java:545)
	at java.base/java.util.concurrent.FutureTask.run(FutureTask.java:328)
	at java.base/java.util.concurrent.ThreadPoolExecutor.runWorker(ThreadPoolExecutor.java:1095)
	at java.base/java.util.concurrent.ThreadPoolExecutor$Worker.run(ThreadPoolExecutor.java:619)
	at java.base/java.lang.Thread.run(Thread.java:1447)

2026.06.05 22:19:29 INFO  no build target found for /Users/cccllc/Desktop/SE 350/FinanceHelper/src/main/java/com/financehelper/model/MarginResultBuilder.java. Using fallback presentation compiler.
2026.06.05 22:19:29 INFO  no build target found for /Users/cccllc/Desktop/SE 350/FinanceHelper/src/main/java/com/financehelper/model/MarginResultBuilder.java. Using fallback presentation compiler.
2026.06.05 22:19:31 INFO  no build target found for /Users/cccllc/Desktop/SE 350/FinanceHelper/src/main/java/com/financehelper/model/MarginResultBuilder.java. Using fallback presentation compiler.
2026.06.05 22:19:31 INFO  no build target found for /Users/cccllc/Desktop/SE 350/FinanceHelper/src/main/java/com/financehelper/model/MarginResultBuilder.java. Using fallback presentation compiler.
2026.06.05 22:19:31 INFO  no build target found for /Users/cccllc/Desktop/SE 350/FinanceHelper/src/main/java/com/financehelper/model/MarginResultBuilder.java. Using fallback presentation compiler.
2026.06.05 22:19:32 INFO  no build target found for /Users/cccllc/Desktop/SE 350/FinanceHelper/src/main/java/com/financehelper/model/MarginResultBuilder.java. Using fallback presentation compiler.
2026.06.05 22:19:31 INFO  no build target found for /Users/cccllc/Desktop/SE 350/FinanceHelper/src/main/java/com/financehelper/model/MarginResultBuilder.java. Using fallback presentation compiler.
2026.06.05 22:19:31 INFO  no build target found for /Users/cccllc/Desktop/SE 350/FinanceHelper/src/main/java/com/financehelper/model/MarginResultBuilder.java. Using fallback presentation compiler.
2026.06.05 22:19:32 INFO  no build target found for /Users/cccllc/Desktop/SE 350/FinanceHelper/src/main/java/com/financehelper/model/MarginResultBuilder.java. Using fallback presentation compiler.
2026.06.05 22:19:31 INFO  no build target found for /Users/cccllc/Desktop/SE 350/FinanceHelper/src/main/java/com/financehelper/model/MarginResultBuilder.java. Using fallback presentation compiler.
2026.06.05 22:19:31 INFO  no build target found for /Users/cccllc/Desktop/SE 350/FinanceHelper/src/main/java/com/financehelper/model/MarginResultBuilder.java. Using fallback presentation compiler.
2026.06.05 22:19:32 INFO  no build target found for /Users/cccllc/Desktop/SE 350/FinanceHelper/src/main/java/com/financehelper/model/MarginResultBuilder.java. Using fallback presentation compiler.
2026.06.05 22:19:32 INFO  no build target found for /Users/cccllc/Desktop/SE 350/FinanceHelper/src/main/java/com/financehelper/model/MarginResultBuilder.java. Using fallback presentation compiler.
2026.06.05 22:19:32 INFO  no build target found for /Users/cccllc/Desktop/SE 350/FinanceHelper/src/main/java/com/financehelper/model/MarginResultBuilder.java. Using fallback presentation compiler.
2026.06.05 22:19:32 INFO  no build target found for /Users/cccllc/Desktop/SE 350/FinanceHelper/src/main/java/com/financehelper/model/MarginResultBuilder.java. Using fallback presentation compiler.
2026.06.05 22:19:32 INFO  no build target found for /Users/cccllc/Desktop/SE 350/FinanceHelper/src/main/java/com/financehelper/model/MarginResultBuilder.java. Using fallback presentation compiler.
2026.06.05 22:19:32 INFO  no build target found for /Users/cccllc/Desktop/SE 350/FinanceHelper/src/main/java/com/financehelper/model/MarginResultBuilder.java. Using fallback presentation compiler.
2026.06.05 22:19:32 INFO  no build target found for /Users/cccllc/Desktop/SE 350/FinanceHelper/src/main/java/com/financehelper/model/MarginResultBuilder.java. Using fallback presentation compiler.
2026.06.05 22:19:33 INFO  no build target found for /Users/cccllc/Desktop/SE 350/FinanceHelper/src/main/java/com/financehelper/model/MarginResultBuilder.java. Using fallback presentation compiler.
2026.06.05 22:19:32 INFO  no build target found for /Users/cccllc/Desktop/SE 350/FinanceHelper/src/main/java/com/financehelper/model/MarginResultBuilder.java. Using fallback presentation compiler.
2026.06.05 22:19:34 INFO  no build target found for /Users/cccllc/Desktop/SE 350/FinanceHelper/src/main/java/com/financehelper/model/MarginResultBuilder.java. Using fallback presentation compiler.
2026.06.05 22:19:38 INFO  no build target found for /Users/cccllc/Desktop/SE 350/FinanceHelper/src/main/java/com/financehelper/model/MarginResultBuilder.java. Using fallback presentation compiler.
2026.06.05 22:19:38 INFO  no build target found for /Users/cccllc/Desktop/SE 350/FinanceHelper/src/main/java/com/financehelper/model/MarginResultBuilder.java. Using fallback presentation compiler.
2026.06.05 22:19:38 INFO  no build target found for /Users/cccllc/Desktop/SE 350/FinanceHelper/src/main/java/com/financehelper/model/MarginResultBuilder.java. Using fallback presentation compiler.
2026.06.05 22:19:38 INFO  no build target found for /Users/cccllc/Desktop/SE 350/FinanceHelper/src/main/java/com/financehelper/model/MarginResultBuilder.java. Using fallback presentation compiler.
2026.06.05 22:19:40 INFO  no build target found for /Users/cccllc/Desktop/SE 350/FinanceHelper/src/main/java/com/financehelper/model/MarginResultBuilder.java. Using fallback presentation compiler.
2026.06.05 22:19:40 INFO  no build target found for /Users/cccllc/Desktop/SE 350/FinanceHelper/src/main/java/com/financehelper/model/MarginResultBuilder.java. Using fallback presentation compiler.
2026.06.05 22:19:40 INFO  no build target found for /Users/cccllc/Desktop/SE 350/FinanceHelper/src/main/java/com/financehelper/model/MarginResultBuilder.java. Using fallback presentation compiler.
2026.06.05 22:19:40 INFO  no build target found for /Users/cccllc/Desktop/SE 350/FinanceHelper/src/main/java/com/financehelper/model/MarginResultBuilder.java. Using fallback presentation compiler.
2026.06.05 22:19:40 INFO  no build target found for /Users/cccllc/Desktop/SE 350/FinanceHelper/src/main/java/com/financehelper/model/MarginResultBuilder.java. Using fallback presentation compiler.
2026.06.05 22:19:41 INFO  no build target found for /Users/cccllc/Desktop/SE 350/FinanceHelper/src/main/java/com/financehelper/model/MarginResultBuilder.java. Using fallback presentation compiler.
2026.06.05 22:19:41 INFO  no build target found for /Users/cccllc/Desktop/SE 350/FinanceHelper/src/main/java/com/financehelper/model/MarginResultBuilder.java. Using fallback presentation compiler.
2026.06.05 22:19:41 INFO  no build target found for /Users/cccllc/Desktop/SE 350/FinanceHelper/src/main/java/com/financehelper/model/MarginResultBuilder.java. Using fallback presentation compiler.
2026.06.05 22:19:41 INFO  no build target found for /Users/cccllc/Desktop/SE 350/FinanceHelper/src/main/java/com/financehelper/model/MarginResultBuilder.java. Using fallback presentation compiler.
2026.06.05 22:19:41 INFO  no build target found for /Users/cccllc/Desktop/SE 350/FinanceHelper/src/main/java/com/financehelper/model/MarginResultBuilder.java. Using fallback presentation compiler.
2026.06.05 22:19:43 INFO  no build target found for /Users/cccllc/Desktop/SE 350/FinanceHelper/src/main/java/com/financehelper/model/MarginResultBuilder.java. Using fallback presentation compiler.
2026.06.05 22:19:43 INFO  no build target found for /Users/cccllc/Desktop/SE 350/FinanceHelper/src/main/java/com/financehelper/model/MarginResultBuilder.java. Using fallback presentation compiler.
2026.06.05 22:19:43 INFO  no build target found for /Users/cccllc/Desktop/SE 350/FinanceHelper/src/main/java/com/financehelper/model/MarginResultBuilder.java. Using fallback presentation compiler.
2026.06.05 22:19:44 INFO  no build target found for /Users/cccllc/Desktop/SE 350/FinanceHelper/src/main/java/com/financehelper/model/MarginResultBuilder.java. Using fallback presentation compiler.
2026.06.05 22:19:44 INFO  no build target found for /Users/cccllc/Desktop/SE 350/FinanceHelper/src/main/java/com/financehelper/model/MarginResultBuilder.java. Using fallback presentation compiler.
2026.06.05 22:19:44 INFO  no build target found for /Users/cccllc/Desktop/SE 350/FinanceHelper/src/main/java/com/financehelper/model/MarginResultBuilder.java. Using fallback presentation compiler.
2026.06.05 22:19:45 INFO  no build target found for /Users/cccllc/Desktop/SE 350/FinanceHelper/src/main/java/com/financehelper/model/MarginResultBuilder.java. Using fallback presentation compiler.
2026.06.05 22:19:44 INFO  no build target found for /Users/cccllc/Desktop/SE 350/FinanceHelper/src/main/java/com/financehelper/model/MarginResultBuilder.java. Using fallback presentation compiler.
2026.06.05 22:19:44 INFO  no build target found for /Users/cccllc/Desktop/SE 350/FinanceHelper/src/main/java/com/financehelper/model/MarginResultBuilder.java. Using fallback presentation compiler.
2026.06.05 22:19:44 INFO  no build target found for /Users/cccllc/Desktop/SE 350/FinanceHelper/src/main/java/com/financehelper/model/MarginResultBuilder.java. Using fallback presentation compiler.
2026.06.05 22:19:45 INFO  no build target found for /Users/cccllc/Desktop/SE 350/FinanceHelper/src/main/java/com/financehelper/model/MarginResultBuilder.java. Using fallback presentation compiler.
2026.06.05 22:19:45 INFO  no build target found for /Users/cccllc/Desktop/SE 350/FinanceHelper/src/main/java/com/financehelper/model/MarginResultBuilder.java. Using fallback presentation compiler.
2026.06.05 22:19:45 INFO  no build target found for /Users/cccllc/Desktop/SE 350/FinanceHelper/src/main/java/com/financehelper/model/MarginResultBuilder.java. Using fallback presentation compiler.
2026.06.05 22:19:51 INFO  no build target found for /Users/cccllc/Desktop/SE 350/FinanceHelper/src/main/java/com/financehelper/model/MarginResultBuilder.java. Using fallback presentation compiler.
2026.06.05 22:19:53 INFO  no build target found for /Users/cccllc/Desktop/SE 350/FinanceHelper/src/main/java/com/financehelper/model/MarginResultBuilder.java. Using fallback presentation compiler.
2026.06.05 22:21:35 INFO  no build target found for /Users/cccllc/Desktop/SE 350/FinanceHelper/src/main/java/com/financehelper/model/Expense.java. Using fallback presentation compiler.
2026.06.05 22:21:35 INFO  no build target found for /Users/cccllc/Desktop/SE 350/FinanceHelper/src/main/java/com/financehelper/model/Expense.java. Using fallback presentation compiler.
2026.06.05 22:21:35 INFO  no build target found for /Users/cccllc/Desktop/SE 350/FinanceHelper/src/main/java/com/financehelper/model/Expense.java. Using fallback presentation compiler.
2026.06.05 22:21:39 INFO  no build target found for /Users/cccllc/Desktop/SE 350/FinanceHelper/src/main/java/com/financehelper/model/Expense.java. Using fallback presentation compiler.
2026.06.05 22:21:39 INFO  no build target found for /Users/cccllc/Desktop/SE 350/FinanceHelper/src/main/java/com/financehelper/model/Expense.java. Using fallback presentation compiler.
2026.06.05 22:22:48 INFO  no build target found for /Users/cccllc/Desktop/SE 350/FinanceHelper/src/main/java/com/financehelper/model/Expense.java. Using fallback presentation compiler.
2026.06.05 22:22:48 INFO  no build target found for /Users/cccllc/Desktop/SE 350/FinanceHelper/src/main/java/com/financehelper/service/MarginCalculatorService.java. Using fallback presentation compiler.
2026.06.05 22:22:49 INFO  no build target found for /Users/cccllc/Desktop/SE 350/FinanceHelper/src/main/java/com/financehelper/service/MarginCalculatorService.java. Using fallback presentation compiler.
2026.06.05 22:22:48 INFO  no build target found for /Users/cccllc/Desktop/SE 350/FinanceHelper/src/main/java/com/financehelper/service/MarginCalculatorService.java. Using fallback presentation compiler.
2026.06.05 22:22:48 INFO  no build target found for /Users/cccllc/Desktop/SE 350/FinanceHelper/src/main/java/com/financehelper/service/MarginCalculatorService.java. Using fallback presentation compiler.
2026.06.05 22:22:48 INFO  no build target found for /Users/cccllc/Desktop/SE 350/FinanceHelper/src/main/java/com/financehelper/service/MarginCalculatorService.java. Using fallback presentation compiler.
2026.06.05 22:22:51 INFO  no build target found for /Users/cccllc/Desktop/SE 350/FinanceHelper/src/main/java/com/financehelper/service/MarginCalculatorService.java. Using fallback presentation compiler.
2026.06.05 22:22:51 INFO  no build target found for /Users/cccllc/Desktop/SE 350/FinanceHelper/src/main/java/com/financehelper/service/MarginCalculatorService.java. Using fallback presentation compiler.
2026.06.05 22:22:51 INFO  no build target found for /Users/cccllc/Desktop/SE 350/FinanceHelper/src/main/java/com/financehelper/service/MarginCalculatorService.java. Using fallback presentation compiler.
2026.06.05 22:22:51 INFO  no build target found for /Users/cccllc/Desktop/SE 350/FinanceHelper/src/main/java/com/financehelper/service/MarginCalculatorService.java. Using fallback presentation compiler.
2026.06.05 22:22:53 INFO  no build target found for /Users/cccllc/Desktop/SE 350/FinanceHelper/src/main/java/com/financehelper/service/MarginCalculatorService.java. Using fallback presentation compiler.
2026.06.05 22:22:53 INFO  no build target found for /Users/cccllc/Desktop/SE 350/FinanceHelper/src/main/java/com/financehelper/service/MarginCalculatorService.java. Using fallback presentation compiler.
2026.06.05 22:22:53 INFO  no build target found for /Users/cccllc/Desktop/SE 350/FinanceHelper/src/main/java/com/financehelper/service/MarginCalculatorService.java. Using fallback presentation compiler.
2026.06.05 22:22:54 INFO  no build target found for /Users/cccllc/Desktop/SE 350/FinanceHelper/src/main/java/com/financehelper/service/MarginCalculatorService.java. Using fallback presentation compiler.
2026.06.05 22:22:53 INFO  no build target found for /Users/cccllc/Desktop/SE 350/FinanceHelper/src/main/java/com/financehelper/service/MarginCalculatorService.java. Using fallback presentation compiler.
2026.06.05 22:22:55 INFO  no build target found for /Users/cccllc/Desktop/SE 350/FinanceHelper/src/main/java/com/financehelper/service/MarginCalculatorService.java. Using fallback presentation compiler.
2026.06.05 22:22:55 INFO  no build target found for /Users/cccllc/Desktop/SE 350/FinanceHelper/src/main/java/com/financehelper/service/MarginCalculatorService.java. Using fallback presentation compiler.
2026.06.05 22:22:55 INFO  no build target found for /Users/cccllc/Desktop/SE 350/FinanceHelper/src/main/java/com/financehelper/service/MarginCalculatorService.java. Using fallback presentation compiler.
2026.06.05 22:22:55 INFO  no build target found for /Users/cccllc/Desktop/SE 350/FinanceHelper/src/main/java/com/financehelper/service/MarginCalculatorService.java. Using fallback presentation compiler.
2026.06.05 22:22:55 INFO  no build target found for /Users/cccllc/Desktop/SE 350/FinanceHelper/src/main/java/com/financehelper/service/MarginCalculatorService.java. Using fallback presentation compiler.
2026.06.05 22:22:57 INFO  no build target found for /Users/cccllc/Desktop/SE 350/FinanceHelper/src/main/java/com/financehelper/service/MarginCalculatorService.java. Using fallback presentation compiler.
2026.06.05 22:22:57 INFO  no build target found for /Users/cccllc/Desktop/SE 350/FinanceHelper/src/main/java/com/financehelper/service/MarginCalculatorService.java. Using fallback presentation compiler.
2026.06.05 22:22:57 INFO  no build target found for /Users/cccllc/Desktop/SE 350/FinanceHelper/src/main/java/com/financehelper/service/MarginCalculatorService.java. Using fallback presentation compiler.
2026.06.05 22:22:57 INFO  no build target found for /Users/cccllc/Desktop/SE 350/FinanceHelper/src/main/java/com/financehelper/service/MarginCalculatorService.java. Using fallback presentation compiler.
2026.06.05 22:22:59 INFO  no build target found for /Users/cccllc/Desktop/SE 350/FinanceHelper/src/main/java/com/financehelper/service/MarginCalculatorService.java. Using fallback presentation compiler.
2026.06.05 22:22:59 INFO  no build target found for /Users/cccllc/Desktop/SE 350/FinanceHelper/src/main/java/com/financehelper/service/MarginCalculatorService.java. Using fallback presentation compiler.
2026.06.05 22:22:59 INFO  no build target found for /Users/cccllc/Desktop/SE 350/FinanceHelper/src/main/java/com/financehelper/service/MarginCalculatorService.java. Using fallback presentation compiler.
2026.06.05 22:22:59 INFO  no build target found for /Users/cccllc/Desktop/SE 350/FinanceHelper/src/main/java/com/financehelper/service/MarginCalculatorService.java. Using fallback presentation compiler.
2026.06.05 22:22:59 INFO  no build target found for /Users/cccllc/Desktop/SE 350/FinanceHelper/src/main/java/com/financehelper/service/MarginCalculatorService.java. Using fallback presentation compiler.
2026.06.05 22:22:59 INFO  no build target found for /Users/cccllc/Desktop/SE 350/FinanceHelper/src/main/java/com/financehelper/service/MarginCalculatorService.java. Using fallback presentation compiler.
2026.06.05 22:23:00 INFO  no build target found for /Users/cccllc/Desktop/SE 350/FinanceHelper/src/main/java/com/financehelper/service/MarginCalculatorService.java. Using fallback presentation compiler.
2026.06.05 22:23:00 INFO  no build target found for /Users/cccllc/Desktop/SE 350/FinanceHelper/src/main/java/com/financehelper/service/MarginCalculatorService.java. Using fallback presentation compiler.
2026.06.05 22:23:00 INFO  no build target found for /Users/cccllc/Desktop/SE 350/FinanceHelper/src/main/java/com/financehelper/service/MarginCalculatorService.java. Using fallback presentation compiler.
2026.06.05 22:23:00 INFO  no build target found for /Users/cccllc/Desktop/SE 350/FinanceHelper/src/main/java/com/financehelper/service/MarginCalculatorService.java. Using fallback presentation compiler.
2026.06.05 22:23:02 INFO  no build target found for /Users/cccllc/Desktop/SE 350/FinanceHelper/src/main/java/com/financehelper/service/MarginCalculatorService.java. Using fallback presentation compiler.
2026.06.05 22:23:04 INFO  no build target found for /Users/cccllc/Desktop/SE 350/FinanceHelper/src/main/java/com/financehelper/service/MarginCalculatorService.java. Using fallback presentation compiler.
2026.06.05 22:23:04 INFO  no build target found for /Users/cccllc/Desktop/SE 350/FinanceHelper/src/main/java/com/financehelper/service/MarginCalculatorService.java. Using fallback presentation compiler.
2026.06.05 22:23:04 INFO  no build target found for /Users/cccllc/Desktop/SE 350/FinanceHelper/src/main/java/com/financehelper/service/MarginCalculatorService.java. Using fallback presentation compiler.
2026.06.05 22:23:05 INFO  no build target found for /Users/cccllc/Desktop/SE 350/FinanceHelper/src/main/java/com/financehelper/service/MarginCalculatorService.java. Using fallback presentation compiler.
2026.06.05 22:23:05 INFO  no build target found for /Users/cccllc/Desktop/SE 350/FinanceHelper/src/main/java/com/financehelper/service/MarginCalculatorService.java. Using fallback presentation compiler.
2026.06.05 22:23:05 INFO  no build target found for /Users/cccllc/Desktop/SE 350/FinanceHelper/src/main/java/com/financehelper/service/MarginCalculatorService.java. Using fallback presentation compiler.
2026.06.05 22:23:06 INFO  no build target found for /Users/cccllc/Desktop/SE 350/FinanceHelper/src/main/java/com/financehelper/service/MarginCalculatorService.java. Using fallback presentation compiler.
2026.06.05 22:23:05 INFO  no build target found for /Users/cccllc/Desktop/SE 350/FinanceHelper/src/main/java/com/financehelper/service/MarginCalculatorService.java. Using fallback presentation compiler.
2026.06.05 22:23:07 INFO  no build target found for /Users/cccllc/Desktop/SE 350/FinanceHelper/src/main/java/com/financehelper/service/MarginCalculatorService.java. Using fallback presentation compiler.
2026.06.05 22:23:07 INFO  no build target found for /Users/cccllc/Desktop/SE 350/FinanceHelper/src/main/java/com/financehelper/service/MarginCalculatorService.java. Using fallback presentation compiler.
2026.06.05 22:23:07 INFO  no build target found for /Users/cccllc/Desktop/SE 350/FinanceHelper/src/main/java/com/financehelper/service/MarginCalculatorService.java. Using fallback presentation compiler.
2026.06.05 22:23:07 INFO  no build target found for /Users/cccllc/Desktop/SE 350/FinanceHelper/src/main/java/com/financehelper/service/MarginCalculatorService.java. Using fallback presentation compiler.
2026.06.05 22:23:07 INFO  no build target found for /Users/cccllc/Desktop/SE 350/FinanceHelper/src/main/java/com/financehelper/service/MarginCalculatorService.java. Using fallback presentation compiler.
2026.06.05 22:23:07 INFO  no build target found for /Users/cccllc/Desktop/SE 350/FinanceHelper/src/main/java/com/financehelper/service/MarginCalculatorService.java. Using fallback presentation compiler.
2026.06.05 22:23:09 INFO  no build target found for /Users/cccllc/Desktop/SE 350/FinanceHelper/src/main/java/com/financehelper/service/MarginCalculatorService.java. Using fallback presentation compiler.
2026.06.05 22:23:09 INFO  no build target found for /Users/cccllc/Desktop/SE 350/FinanceHelper/src/main/java/com/financehelper/service/MarginCalculatorService.java. Using fallback presentation compiler.
2026.06.05 22:23:09 INFO  no build target found for /Users/cccllc/Desktop/SE 350/FinanceHelper/src/main/java/com/financehelper/service/MarginCalculatorService.java. Using fallback presentation compiler.
2026.06.05 22:23:09 INFO  no build target found for /Users/cccllc/Desktop/SE 350/FinanceHelper/src/main/java/com/financehelper/service/MarginCalculatorService.java. Using fallback presentation compiler.
2026.06.05 22:23:09 INFO  no build target found for /Users/cccllc/Desktop/SE 350/FinanceHelper/src/main/java/com/financehelper/service/MarginCalculatorService.java. Using fallback presentation compiler.
2026.06.05 22:23:09 INFO  no build target found for /Users/cccllc/Desktop/SE 350/FinanceHelper/src/main/java/com/financehelper/service/MarginCalculatorService.java. Using fallback presentation compiler.
2026.06.05 22:23:13 INFO  no build target found for /Users/cccllc/Desktop/SE 350/FinanceHelper/src/main/java/com/financehelper/service/MarginCalculatorService.java. Using fallback presentation compiler.
2026.06.05 22:23:13 INFO  no build target found for /Users/cccllc/Desktop/SE 350/FinanceHelper/src/main/java/com/financehelper/service/MarginCalculatorService.java. Using fallback presentation compiler.
2026.06.05 22:23:13 INFO  no build target found for /Users/cccllc/Desktop/SE 350/FinanceHelper/src/main/java/com/financehelper/service/MarginCalculatorService.java. Using fallback presentation compiler.
2026.06.05 22:23:13 INFO  no build target found for /Users/cccllc/Desktop/SE 350/FinanceHelper/src/main/java/com/financehelper/service/MarginCalculatorService.java. Using fallback presentation compiler.
2026.06.05 22:23:13 INFO  no build target found for /Users/cccllc/Desktop/SE 350/FinanceHelper/src/main/java/com/financehelper/service/MarginCalculatorService.java. Using fallback presentation compiler.
2026.06.05 22:23:14 INFO  no build target found for /Users/cccllc/Desktop/SE 350/FinanceHelper/src/main/java/com/financehelper/service/MarginCalculatorService.java. Using fallback presentation compiler.
2026.06.05 22:23:14 INFO  no build target found for /Users/cccllc/Desktop/SE 350/FinanceHelper/src/main/java/com/financehelper/service/MarginCalculatorService.java. Using fallback presentation compiler.
2026.06.05 22:23:14 INFO  no build target found for /Users/cccllc/Desktop/SE 350/FinanceHelper/src/main/java/com/financehelper/service/MarginCalculatorService.java. Using fallback presentation compiler.
2026.06.05 22:23:14 INFO  no build target found for /Users/cccllc/Desktop/SE 350/FinanceHelper/src/main/java/com/financehelper/service/MarginCalculatorService.java. Using fallback presentation compiler.
2026.06.05 22:23:14 INFO  no build target found for /Users/cccllc/Desktop/SE 350/FinanceHelper/src/main/java/com/financehelper/service/MarginCalculatorService.java. Using fallback presentation compiler.
2026.06.05 22:23:14 INFO  no build target found for /Users/cccllc/Desktop/SE 350/FinanceHelper/src/main/java/com/financehelper/service/MarginCalculatorService.java. Using fallback presentation compiler.
2026.06.05 22:23:16 INFO  no build target found for /Users/cccllc/Desktop/SE 350/FinanceHelper/src/main/java/com/financehelper/service/MarginCalculatorService.java. Using fallback presentation compiler.
2026.06.05 22:23:16 INFO  no build target found for /Users/cccllc/Desktop/SE 350/FinanceHelper/src/main/java/com/financehelper/service/MarginCalculatorService.java. Using fallback presentation compiler.
2026.06.05 22:23:19 INFO  no build target found for /Users/cccllc/Desktop/SE 350/FinanceHelper/src/main/java/com/financehelper/service/MarginCalculatorService.java. Using fallback presentation compiler.
2026.06.05 22:23:19 INFO  no build target found for /Users/cccllc/Desktop/SE 350/FinanceHelper/src/main/java/com/financehelper/service/MarginCalculatorService.java. Using fallback presentation compiler.
2026.06.05 22:23:34 INFO  no build target found for /Users/cccllc/Desktop/SE 350/FinanceHelper/src/main/java/com/financehelper/service/MarginCalculatorService.java. Using fallback presentation compiler.
2026.06.05 22:23:34 INFO  no build target found for /Users/cccllc/Desktop/SE 350/FinanceHelper/src/main/java/com/financehelper/service/MarginCalculatorService.java. Using fallback presentation compiler.
2026.06.05 22:23:34 INFO  no build target found for /Users/cccllc/Desktop/SE 350/FinanceHelper/src/main/java/com/financehelper/service/MarginCalculatorService.java. Using fallback presentation compiler.
2026.06.05 22:23:34 INFO  no build target found for /Users/cccllc/Desktop/SE 350/FinanceHelper/src/main/java/com/financehelper/service/MarginCalculatorService.java. Using fallback presentation compiler.
2026.06.05 22:23:34 INFO  no build target found for /Users/cccllc/Desktop/SE 350/FinanceHelper/src/main/java/com/financehelper/service/MarginCalculatorService.java. Using fallback presentation compiler.
2026.06.05 22:23:34 INFO  no build target found for /Users/cccllc/Desktop/SE 350/FinanceHelper/src/main/java/com/financehelper/service/MarginCalculatorService.java. Using fallback presentation compiler.
2026.06.05 22:23:36 INFO  no build target found for /Users/cccllc/Desktop/SE 350/FinanceHelper/src/main/java/com/financehelper/service/MarginCalculatorService.java. Using fallback presentation compiler.
2026.06.05 22:23:36 INFO  no build target found for /Users/cccllc/Desktop/SE 350/FinanceHelper/src/main/java/com/financehelper/service/MarginCalculatorService.java. Using fallback presentation compiler.
2026.06.05 22:23:36 INFO  no build target found for /Users/cccllc/Desktop/SE 350/FinanceHelper/src/main/java/com/financehelper/service/MarginCalculatorService.java. Using fallback presentation compiler.
2026.06.05 22:23:37 INFO  no build target found for /Users/cccllc/Desktop/SE 350/FinanceHelper/src/main/java/com/financehelper/service/MarginCalculatorService.java. Using fallback presentation compiler.
2026.06.05 22:23:36 INFO  no build target found for /Users/cccllc/Desktop/SE 350/FinanceHelper/src/main/java/com/financehelper/service/MarginCalculatorService.java. Using fallback presentation compiler.
2026.06.05 22:23:36 INFO  no build target found for /Users/cccllc/Desktop/SE 350/FinanceHelper/src/main/java/com/financehelper/service/MarginCalculatorService.java. Using fallback presentation compiler.
2026.06.05 22:23:36 INFO  no build target found for /Users/cccllc/Desktop/SE 350/FinanceHelper/src/main/java/com/financehelper/service/MarginCalculatorService.java. Using fallback presentation compiler.
2026.06.05 22:23:36 INFO  no build target found for /Users/cccllc/Desktop/SE 350/FinanceHelper/src/main/java/com/financehelper/service/MarginCalculatorService.java. Using fallback presentation compiler.
2026.06.05 22:23:37 INFO  no build target found for /Users/cccllc/Desktop/SE 350/FinanceHelper/src/main/java/com/financehelper/service/MarginCalculatorService.java. Using fallback presentation compiler.
2026.06.05 22:23:37 INFO  no build target found for /Users/cccllc/Desktop/SE 350/FinanceHelper/src/main/java/com/financehelper/service/MarginCalculatorService.java. Using fallback presentation compiler.
2026.06.05 22:23:37 INFO  no build target found for /Users/cccllc/Desktop/SE 350/FinanceHelper/src/main/java/com/financehelper/service/MarginCalculatorService.java. Using fallback presentation compiler.
2026.06.05 22:23:50 INFO  no build target found for /Users/cccllc/Desktop/SE 350/FinanceHelper/src/main/java/com/financehelper/service/MarginCalculatorService.java. Using fallback presentation compiler.
2026.06.05 22:23:50 INFO  no build target found for /Users/cccllc/Desktop/SE 350/FinanceHelper/src/main/java/com/financehelper/service/MarginCalculatorService.java. Using fallback presentation compiler.
2026.06.05 22:23:50 INFO  no build target found for /Users/cccllc/Desktop/SE 350/FinanceHelper/src/main/java/com/financehelper/service/MarginCalculatorService.java. Using fallback presentation compiler.
2026.06.05 22:23:50 INFO  no build target found for /Users/cccllc/Desktop/SE 350/FinanceHelper/src/main/java/com/financehelper/service/MarginCalculatorService.java. Using fallback presentation compiler.
2026.06.05 22:23:50 INFO  no build target found for /Users/cccllc/Desktop/SE 350/FinanceHelper/src/main/java/com/financehelper/service/MarginCalculatorService.java. Using fallback presentation compiler.
2026.06.05 22:23:52 INFO  no build target found for /Users/cccllc/Desktop/SE 350/FinanceHelper/src/main/java/com/financehelper/service/MarginCalculatorService.java. Using fallback presentation compiler.
2026.06.05 22:23:52 INFO  no build target found for /Users/cccllc/Desktop/SE 350/FinanceHelper/src/main/java/com/financehelper/service/MarginCalculatorService.java. Using fallback presentation compiler.
2026.06.05 22:23:52 INFO  no build target found for /Users/cccllc/Desktop/SE 350/FinanceHelper/src/main/java/com/financehelper/service/MarginCalculatorService.java. Using fallback presentation compiler.
2026.06.05 22:23:52 INFO  no build target found for /Users/cccllc/Desktop/SE 350/FinanceHelper/src/main/java/com/financehelper/service/MarginCalculatorService.java. Using fallback presentation compiler.
2026.06.05 22:23:52 INFO  no build target found for /Users/cccllc/Desktop/SE 350/FinanceHelper/src/main/java/com/financehelper/service/MarginCalculatorService.java. Using fallback presentation compiler.
2026.06.05 22:23:53 INFO  no build target found for /Users/cccllc/Desktop/SE 350/FinanceHelper/src/main/java/com/financehelper/service/MarginCalculatorService.java. Using fallback presentation compiler.
2026.06.05 22:23:53 INFO  no build target found for /Users/cccllc/Desktop/SE 350/FinanceHelper/src/main/java/com/financehelper/service/MarginCalculatorService.java. Using fallback presentation compiler.
2026.06.05 22:23:53 INFO  no build target found for /Users/cccllc/Desktop/SE 350/FinanceHelper/src/main/java/com/financehelper/service/MarginCalculatorService.java. Using fallback presentation compiler.
2026.06.05 22:23:53 INFO  no build target found for /Users/cccllc/Desktop/SE 350/FinanceHelper/src/main/java/com/financehelper/service/MarginCalculatorService.java. Using fallback presentation compiler.
2026.06.05 22:23:53 INFO  no build target found for /Users/cccllc/Desktop/SE 350/FinanceHelper/src/main/java/com/financehelper/service/MarginCalculatorService.java. Using fallback presentation compiler.
2026.06.05 22:23:53 INFO  no build target found for /Users/cccllc/Desktop/SE 350/FinanceHelper/src/main/java/com/financehelper/service/MarginCalculatorService.java. Using fallback presentation compiler.
2026.06.05 22:23:55 INFO  no build target found for /Users/cccllc/Desktop/SE 350/FinanceHelper/src/main/java/com/financehelper/service/MarginCalculatorService.java. Using fallback presentation compiler.
2026.06.05 22:23:55 INFO  no build target found for /Users/cccllc/Desktop/SE 350/FinanceHelper/src/main/java/com/financehelper/service/MarginCalculatorService.java. Using fallback presentation compiler.
2026.06.05 22:23:55 INFO  no build target found for /Users/cccllc/Desktop/SE 350/FinanceHelper/src/main/java/com/financehelper/service/MarginCalculatorService.java. Using fallback presentation compiler.
2026.06.05 22:23:55 INFO  no build target found for /Users/cccllc/Desktop/SE 350/FinanceHelper/src/main/java/com/financehelper/service/MarginCalculatorService.java. Using fallback presentation compiler.
2026.06.05 22:23:55 INFO  no build target found for /Users/cccllc/Desktop/SE 350/FinanceHelper/src/main/java/com/financehelper/service/MarginCalculatorService.java. Using fallback presentation compiler.
2026.06.05 22:23:55 INFO  no build target found for /Users/cccllc/Desktop/SE 350/FinanceHelper/src/main/java/com/financehelper/service/MarginCalculatorService.java. Using fallback presentation compiler.
2026.06.05 22:23:55 INFO  no build target found for /Users/cccllc/Desktop/SE 350/FinanceHelper/src/main/java/com/financehelper/service/MarginCalculatorService.java. Using fallback presentation compiler.
2026.06.05 22:23:56 INFO  no build target found for /Users/cccllc/Desktop/SE 350/FinanceHelper/src/main/java/com/financehelper/service/MarginCalculatorService.java. Using fallback presentation compiler.
2026.06.05 22:23:55 INFO  no build target found for /Users/cccllc/Desktop/SE 350/FinanceHelper/src/main/java/com/financehelper/service/MarginCalculatorService.java. Using fallback presentation compiler.
2026.06.05 22:23:56 INFO  no build target found for /Users/cccllc/Desktop/SE 350/FinanceHelper/src/main/java/com/financehelper/service/MarginCalculatorService.java. Using fallback presentation compiler.
2026.06.05 22:23:56 INFO  no build target found for /Users/cccllc/Desktop/SE 350/FinanceHelper/src/main/java/com/financehelper/service/MarginCalculatorService.java. Using fallback presentation compiler.
2026.06.05 22:23:56 INFO  no build target found for /Users/cccllc/Desktop/SE 350/FinanceHelper/src/main/java/com/financehelper/service/MarginCalculatorService.java. Using fallback presentation compiler.
2026.06.05 22:23:56 INFO  no build target found for /Users/cccllc/Desktop/SE 350/FinanceHelper/src/main/java/com/financehelper/service/MarginCalculatorService.java. Using fallback presentation compiler.
2026.06.05 22:23:56 INFO  no build target found for /Users/cccllc/Desktop/SE 350/FinanceHelper/src/main/java/com/financehelper/service/MarginCalculatorService.java. Using fallback presentation compiler.
2026.06.05 22:23:56 INFO  no build target found for /Users/cccllc/Desktop/SE 350/FinanceHelper/src/main/java/com/financehelper/service/MarginCalculatorService.java. Using fallback presentation compiler.
2026.06.05 22:23:56 INFO  no build target found for /Users/cccllc/Desktop/SE 350/FinanceHelper/src/main/java/com/financehelper/service/MarginCalculatorService.java. Using fallback presentation compiler.
2026.06.05 22:23:56 INFO  no build target found for /Users/cccllc/Desktop/SE 350/FinanceHelper/src/main/java/com/financehelper/service/MarginCalculatorService.java. Using fallback presentation compiler.
2026.06.05 22:23:56 INFO  no build target found for /Users/cccllc/Desktop/SE 350/FinanceHelper/src/main/java/com/financehelper/service/MarginCalculatorService.java. Using fallback presentation compiler.
2026.06.05 22:23:57 INFO  no build target found for /Users/cccllc/Desktop/SE 350/FinanceHelper/src/main/java/com/financehelper/service/MarginCalculatorService.java. Using fallback presentation compiler.
2026.06.05 22:23:56 INFO  no build target found for /Users/cccllc/Desktop/SE 350/FinanceHelper/src/main/java/com/financehelper/service/MarginCalculatorService.java. Using fallback presentation compiler.
2026.06.05 22:23:56 INFO  no build target found for /Users/cccllc/Desktop/SE 350/FinanceHelper/src/main/java/com/financehelper/service/MarginCalculatorService.java. Using fallback presentation compiler.
2026.06.05 22:23:57 INFO  no build target found for /Users/cccllc/Desktop/SE 350/FinanceHelper/src/main/java/com/financehelper/service/MarginCalculatorService.java. Using fallback presentation compiler.
2026.06.05 22:23:57 INFO  no build target found for /Users/cccllc/Desktop/SE 350/FinanceHelper/src/main/java/com/financehelper/service/MarginCalculatorService.java. Using fallback presentation compiler.
2026.06.05 22:23:57 INFO  no build target found for /Users/cccllc/Desktop/SE 350/FinanceHelper/src/main/java/com/financehelper/service/MarginCalculatorService.java. Using fallback presentation compiler.
2026.06.05 22:23:57 INFO  no build target found for /Users/cccllc/Desktop/SE 350/FinanceHelper/src/main/java/com/financehelper/service/MarginCalculatorService.java. Using fallback presentation compiler.
2026.06.05 22:23:57 INFO  no build target found for /Users/cccllc/Desktop/SE 350/FinanceHelper/src/main/java/com/financehelper/service/MarginCalculatorService.java. Using fallback presentation compiler.
2026.06.05 22:23:58 INFO  no build target found for /Users/cccllc/Desktop/SE 350/FinanceHelper/src/main/java/com/financehelper/service/MarginCalculatorService.java. Using fallback presentation compiler.
2026.06.05 22:23:57 INFO  no build target found for /Users/cccllc/Desktop/SE 350/FinanceHelper/src/main/java/com/financehelper/service/MarginCalculatorService.java. Using fallback presentation compiler.
2026.06.05 22:23:58 INFO  no build target found for /Users/cccllc/Desktop/SE 350/FinanceHelper/src/main/java/com/financehelper/service/MarginCalculatorService.java. Using fallback presentation compiler.
2026.06.05 22:23:58 INFO  no build target found for /Users/cccllc/Desktop/SE 350/FinanceHelper/src/main/java/com/financehelper/service/MarginCalculatorService.java. Using fallback presentation compiler.
2026.06.05 22:23:58 INFO  no build target found for /Users/cccllc/Desktop/SE 350/FinanceHelper/src/main/java/com/financehelper/service/MarginCalculatorService.java. Using fallback presentation compiler.
2026.06.05 22:23:59 INFO  no build target found for /Users/cccllc/Desktop/SE 350/FinanceHelper/src/main/java/com/financehelper/service/MarginCalculatorService.java. Using fallback presentation compiler.
2026.06.05 22:24:00 INFO  no build target found for /Users/cccllc/Desktop/SE 350/FinanceHelper/src/main/java/com/financehelper/service/MarginCalculatorService.java. Using fallback presentation compiler.
2026.06.05 22:24:00 INFO  no build target found for /Users/cccllc/Desktop/SE 350/FinanceHelper/src/main/java/com/financehelper/service/MarginCalculatorService.java. Using fallback presentation compiler.
2026.06.05 22:24:00 INFO  no build target found for /Users/cccllc/Desktop/SE 350/FinanceHelper/src/main/java/com/financehelper/service/MarginCalculatorService.java. Using fallback presentation compiler.
2026.06.05 22:24:00 INFO  no build target found for /Users/cccllc/Desktop/SE 350/FinanceHelper/src/main/java/com/financehelper/service/MarginCalculatorService.java. Using fallback presentation compiler.
2026.06.05 22:24:00 INFO  no build target found for /Users/cccllc/Desktop/SE 350/FinanceHelper/src/main/java/com/financehelper/service/MarginCalculatorService.java. Using fallback presentation compiler.
2026.06.05 22:24:00 INFO  no build target found for /Users/cccllc/Desktop/SE 350/FinanceHelper/src/main/java/com/financehelper/service/MarginCalculatorService.java. Using fallback presentation compiler.
2026.06.05 22:24:00 INFO  no build target found for /Users/cccllc/Desktop/SE 350/FinanceHelper/src/main/java/com/financehelper/service/MarginCalculatorService.java. Using fallback presentation compiler.
2026.06.05 22:24:10 INFO  no build target found for /Users/cccllc/Desktop/SE 350/FinanceHelper/src/main/java/com/financehelper/service/MarginCalculatorService.java. Using fallback presentation compiler.
2026.06.05 22:24:10 INFO  no build target found for /Users/cccllc/Desktop/SE 350/FinanceHelper/src/main/java/com/financehelper/service/MarginCalculatorService.java. Using fallback presentation compiler.
2026.06.05 22:24:10 INFO  no build target found for /Users/cccllc/Desktop/SE 350/FinanceHelper/src/main/java/com/financehelper/service/MarginCalculatorService.java. Using fallback presentation compiler.
2026.06.05 22:24:10 INFO  no build target found for /Users/cccllc/Desktop/SE 350/FinanceHelper/src/main/java/com/financehelper/service/MarginCalculatorService.java. Using fallback presentation compiler.
2026.06.05 22:24:10 INFO  no build target found for /Users/cccllc/Desktop/SE 350/FinanceHelper/src/main/java/com/financehelper/service/MarginCalculatorService.java. Using fallback presentation compiler.
2026.06.05 22:24:11 INFO  no build target found for /Users/cccllc/Desktop/SE 350/FinanceHelper/src/main/java/com/financehelper/service/MarginCalculatorService.java. Using fallback presentation compiler.
2026.06.05 22:24:11 INFO  no build target found for /Users/cccllc/Desktop/SE 350/FinanceHelper/src/main/java/com/financehelper/service/MarginCalculatorService.java. Using fallback presentation compiler.
2026.06.05 22:24:11 INFO  no build target found for /Users/cccllc/Desktop/SE 350/FinanceHelper/src/main/java/com/financehelper/service/MarginCalculatorService.java. Using fallback presentation compiler.
2026.06.05 22:24:11 INFO  no build target found for /Users/cccllc/Desktop/SE 350/FinanceHelper/src/main/java/com/financehelper/service/MarginCalculatorService.java. Using fallback presentation compiler.
2026.06.05 22:24:12 INFO  no build target found for /Users/cccllc/Desktop/SE 350/FinanceHelper/src/main/java/com/financehelper/service/MarginCalculatorService.java. Using fallback presentation compiler.
2026.06.05 22:24:11 INFO  no build target found for /Users/cccllc/Desktop/SE 350/FinanceHelper/src/main/java/com/financehelper/service/MarginCalculatorService.java. Using fallback presentation compiler.
2026.06.05 22:24:13 INFO  no build target found for /Users/cccllc/Desktop/SE 350/FinanceHelper/src/main/java/com/financehelper/service/MarginCalculatorService.java. Using fallback presentation compiler.
2026.06.05 22:24:21 INFO  no build target found for /Users/cccllc/Desktop/SE 350/FinanceHelper/src/main/java/com/financehelper/observer/MarginObserver.java. Using fallback presentation compiler.
2026.06.05 22:24:21 INFO  no build target found for /Users/cccllc/Desktop/SE 350/FinanceHelper/src/main/java/com/financehelper/observer/MarginObserver.java. Using fallback presentation compiler.
2026.06.05 22:24:24 INFO  no build target found for /Users/cccllc/Desktop/SE 350/FinanceHelper/src/main/java/com/financehelper/observer/MarginObserver.java. Using fallback presentation compiler.
2026.06.05 22:24:24 INFO  no build target found for /Users/cccllc/Desktop/SE 350/FinanceHelper/src/main/java/com/financehelper/observer/MarginObserver.java. Using fallback presentation compiler.
2026.06.05 22:24:24 INFO  no build target found for /Users/cccllc/Desktop/SE 350/FinanceHelper/src/main/java/com/financehelper/observer/MarginObserver.java. Using fallback presentation compiler.
2026.06.05 22:24:24 INFO  no build target found for /Users/cccllc/Desktop/SE 350/FinanceHelper/src/main/java/com/financehelper/observer/MarginObserver.java. Using fallback presentation compiler.
2026.06.05 22:24:24 INFO  no build target found for /Users/cccllc/Desktop/SE 350/FinanceHelper/src/main/java/com/financehelper/observer/MarginObserver.java. Using fallback presentation compiler.
2026.06.05 22:24:25 INFO  no build target found for /Users/cccllc/Desktop/SE 350/FinanceHelper/src/main/java/com/financehelper/observer/MarginObserver.java. Using fallback presentation compiler.
2026.06.05 22:24:28 INFO  no build target found for /Users/cccllc/Desktop/SE 350/FinanceHelper/src/main/java/com/financehelper/observer/MarginObserver.java. Using fallback presentation compiler.
2026.06.05 22:24:28 INFO  no build target found for /Users/cccllc/Desktop/SE 350/FinanceHelper/src/main/java/com/financehelper/observer/MarginObserver.java. Using fallback presentation compiler.
2026.06.05 22:24:28 INFO  no build target found for /Users/cccllc/Desktop/SE 350/FinanceHelper/src/main/java/com/financehelper/observer/MarginObserver.java. Using fallback presentation compiler.
2026.06.05 22:24:28 INFO  no build target found for /Users/cccllc/Desktop/SE 350/FinanceHelper/src/main/java/com/financehelper/observer/MarginObserver.java. Using fallback presentation compiler.
2026.06.05 22:24:28 INFO  no build target found for /Users/cccllc/Desktop/SE 350/FinanceHelper/src/main/java/com/financehelper/observer/MarginObserver.java. Using fallback presentation compiler.
2026.06.05 22:24:29 INFO  no build target found for /Users/cccllc/Desktop/SE 350/FinanceHelper/src/main/java/com/financehelper/observer/MarginObserver.java. Using fallback presentation compiler.
2026.06.05 22:24:29 INFO  no build target found for /Users/cccllc/Desktop/SE 350/FinanceHelper/src/main/java/com/financehelper/observer/MarginObserver.java. Using fallback presentation compiler.
2026.06.05 22:24:29 INFO  no build target found for /Users/cccllc/Desktop/SE 350/FinanceHelper/src/main/java/com/financehelper/observer/MarginObserver.java. Using fallback presentation compiler.
2026.06.05 22:24:30 INFO  no build target found for /Users/cccllc/Desktop/SE 350/FinanceHelper/src/main/java/com/financehelper/observer/MarginObserver.java. Using fallback presentation compiler.
2026.06.05 22:24:29 INFO  no build target found for /Users/cccllc/Desktop/SE 350/FinanceHelper/src/main/java/com/financehelper/observer/MarginObserver.java. Using fallback presentation compiler.
2026.06.05 22:24:30 INFO  no build target found for /Users/cccllc/Desktop/SE 350/FinanceHelper/src/main/java/com/financehelper/observer/MarginObserver.java. Using fallback presentation compiler.
2026.06.05 22:24:30 INFO  no build target found for /Users/cccllc/Desktop/SE 350/FinanceHelper/src/main/java/com/financehelper/observer/MarginObserver.java. Using fallback presentation compiler.
2026.06.05 22:24:30 INFO  no build target found for /Users/cccllc/Desktop/SE 350/FinanceHelper/src/main/java/com/financehelper/observer/MarginObserver.java. Using fallback presentation compiler.
2026.06.05 22:24:30 INFO  no build target found for /Users/cccllc/Desktop/SE 350/FinanceHelper/src/main/java/com/financehelper/observer/MarginObserver.java. Using fallback presentation compiler.
2026.06.05 22:24:32 INFO  no build target found for /Users/cccllc/Desktop/SE 350/FinanceHelper/src/main/java/com/financehelper/observer/MarginObserver.java. Using fallback presentation compiler.
2026.06.05 22:24:32 INFO  no build target found for /Users/cccllc/Desktop/SE 350/FinanceHelper/src/main/java/com/financehelper/observer/MarginObserver.java. Using fallback presentation compiler.
2026.06.05 22:24:32 INFO  no build target found for /Users/cccllc/Desktop/SE 350/FinanceHelper/src/main/java/com/financehelper/observer/MarginObserver.java. Using fallback presentation compiler.
2026.06.05 22:24:32 INFO  no build target found for /Users/cccllc/Desktop/SE 350/FinanceHelper/src/main/java/com/financehelper/observer/MarginObserver.java. Using fallback presentation compiler.
2026.06.05 22:24:32 INFO  no build target found for /Users/cccllc/Desktop/SE 350/FinanceHelper/src/main/java/com/financehelper/observer/MarginObserver.java. Using fallback presentation compiler.
2026.06.05 22:24:33 INFO  no build target found for /Users/cccllc/Desktop/SE 350/FinanceHelper/src/main/java/com/financehelper/observer/MarginObserver.java. Using fallback presentation compiler.
2026.06.05 22:24:33 INFO  no build target found for /Users/cccllc/Desktop/SE 350/FinanceHelper/src/main/java/com/financehelper/observer/MarginObserver.java. Using fallback presentation compiler.
2026.06.05 22:24:33 INFO  no build target found for /Users/cccllc/Desktop/SE 350/FinanceHelper/src/main/java/com/financehelper/observer/MarginObserver.java. Using fallback presentation compiler.
2026.06.05 22:24:34 INFO  no build target found for /Users/cccllc/Desktop/SE 350/FinanceHelper/src/main/java/com/financehelper/observer/MarginObserver.java. Using fallback presentation compiler.
2026.06.05 22:24:33 INFO  no build target found for /Users/cccllc/Desktop/SE 350/FinanceHelper/src/main/java/com/financehelper/observer/MarginObserver.java. Using fallback presentation compiler.
2026.06.05 22:24:37 INFO  no build target found for /Users/cccllc/Desktop/SE 350/FinanceHelper/src/main/java/com/financehelper/service/MarginCalculatorService.java. Using fallback presentation compiler.
2026.06.05 22:24:37 WARN  no build target for: /Users/cccllc/Desktop/SE 350/FinanceHelper/src/main/java/com/financehelper/service/MarginCalculatorService.java
2026.06.05 22:24:37 INFO  no build target found for /Users/cccllc/Desktop/SE 350/FinanceHelper/src/main/java/com/financehelper/service/MarginCalculatorService.java. Using fallback presentation compiler.
2026.06.05 22:24:41 INFO  no build target found for /Users/cccllc/Desktop/SE 350/FinanceHelper/src/main/java/com/financehelper/service/MarginCalculatorService.java. Using fallback presentation compiler.
2026.06.05 22:24:41 INFO  no build target found for /Users/cccllc/Desktop/SE 350/FinanceHelper/src/main/java/com/financehelper/service/MarginCalculatorService.java. Using fallback presentation compiler.
2026.06.05 22:24:41 INFO  no build target found for /Users/cccllc/Desktop/SE 350/FinanceHelper/src/main/java/com/financehelper/service/MarginCalculatorService.java. Using fallback presentation compiler.
2026.06.05 22:24:41 INFO  no build target found for /Users/cccllc/Desktop/SE 350/FinanceHelper/src/main/java/com/financehelper/service/MarginCalculatorService.java. Using fallback presentation compiler.
2026.06.05 22:24:42 INFO  no build target found for /Users/cccllc/Desktop/SE 350/FinanceHelper/src/main/java/com/financehelper/service/MarginCalculatorService.java. Using fallback presentation compiler.
2026.06.05 22:24:42 INFO  no build target found for /Users/cccllc/Desktop/SE 350/FinanceHelper/src/main/java/com/financehelper/service/MarginCalculatorService.java. Using fallback presentation compiler.
2026.06.05 22:24:42 INFO  no build target found for /Users/cccllc/Desktop/SE 350/FinanceHelper/src/main/java/com/financehelper/service/MarginCalculatorService.java. Using fallback presentation compiler.
2026.06.05 22:24:43 INFO  no build target found for /Users/cccllc/Desktop/SE 350/FinanceHelper/src/main/java/com/financehelper/service/MarginCalculatorService.java. Using fallback presentation compiler.
2026.06.05 22:24:43 INFO  no build target found for /Users/cccllc/Desktop/SE 350/FinanceHelper/src/main/java/com/financehelper/service/MarginCalculatorService.java. Using fallback presentation compiler.
2026.06.05 22:24:43 INFO  no build target found for /Users/cccllc/Desktop/SE 350/FinanceHelper/src/main/java/com/financehelper/service/MarginCalculatorService.java. Using fallback presentation compiler.
2026.06.05 22:24:43 INFO  no build target found for /Users/cccllc/Desktop/SE 350/FinanceHelper/src/main/java/com/financehelper/service/MarginCalculatorService.java. Using fallback presentation compiler.
2026.06.05 22:24:43 INFO  no build target found for /Users/cccllc/Desktop/SE 350/FinanceHelper/src/main/java/com/financehelper/service/MarginCalculatorService.java. Using fallback presentation compiler.
2026.06.05 22:24:43 INFO  no build target found for /Users/cccllc/Desktop/SE 350/FinanceHelper/src/main/java/com/financehelper/service/MarginCalculatorService.java. Using fallback presentation compiler.
2026.06.05 22:24:44 INFO  no build target found for /Users/cccllc/Desktop/SE 350/FinanceHelper/src/main/java/com/financehelper/service/MarginCalculatorService.java. Using fallback presentation compiler.
2026.06.05 22:24:44 INFO  no build target found for /Users/cccllc/Desktop/SE 350/FinanceHelper/src/main/java/com/financehelper/service/MarginCalculatorService.java. Using fallback presentation compiler.
2026.06.05 22:24:44 INFO  no build target found for /Users/cccllc/Desktop/SE 350/FinanceHelper/src/main/java/com/financehelper/service/MarginCalculatorService.java. Using fallback presentation compiler.
2026.06.05 22:24:44 INFO  no build target found for /Users/cccllc/Desktop/SE 350/FinanceHelper/src/main/java/com/financehelper/service/MarginCalculatorService.java. Using fallback presentation compiler.
2026.06.05 22:24:44 INFO  no build target found for /Users/cccllc/Desktop/SE 350/FinanceHelper/src/main/java/com/financehelper/service/MarginCalculatorService.java. Using fallback presentation compiler.
2026.06.05 22:24:44 INFO  no build target found for /Users/cccllc/Desktop/SE 350/FinanceHelper/src/main/java/com/financehelper/service/MarginCalculatorService.java. Using fallback presentation compiler.
2026.06.05 22:24:45 INFO  no build target found for /Users/cccllc/Desktop/SE 350/FinanceHelper/src/main/java/com/financehelper/service/MarginCalculatorService.java. Using fallback presentation compiler.
2026.06.05 22:24:45 INFO  no build target found for /Users/cccllc/Desktop/SE 350/FinanceHelper/src/main/java/com/financehelper/service/MarginCalculatorService.java. Using fallback presentation compiler.
2026.06.05 22:24:45 INFO  no build target found for /Users/cccllc/Desktop/SE 350/FinanceHelper/src/main/java/com/financehelper/service/MarginCalculatorService.java. Using fallback presentation compiler.
2026.06.05 22:24:48 INFO  no build target found for /Users/cccllc/Desktop/SE 350/FinanceHelper/src/main/java/com/financehelper/service/MarginCalculatorService.java. Using fallback presentation compiler.
2026.06.05 22:24:48 INFO  no build target found for /Users/cccllc/Desktop/SE 350/FinanceHelper/src/main/java/com/financehelper/service/MarginCalculatorService.java. Using fallback presentation compiler.
2026.06.05 22:24:50 INFO  no build target found for /Users/cccllc/Desktop/SE 350/FinanceHelper/src/main/java/com/financehelper/service/MarginCalculatorService.java. Using fallback presentation compiler.
2026.06.05 22:24:50 INFO  no build target found for /Users/cccllc/Desktop/SE 350/FinanceHelper/src/main/java/com/financehelper/service/MarginCalculatorService.java. Using fallback presentation compiler.
2026.06.05 22:24:50 INFO  no build target found for /Users/cccllc/Desktop/SE 350/FinanceHelper/src/main/java/com/financehelper/service/MarginCalculatorService.java. Using fallback presentation compiler.
2026.06.05 22:24:50 INFO  no build target found for /Users/cccllc/Desktop/SE 350/FinanceHelper/src/main/java/com/financehelper/service/MarginCalculatorService.java. Using fallback presentation compiler.
2026.06.05 22:24:50 INFO  no build target found for /Users/cccllc/Desktop/SE 350/FinanceHelper/src/main/java/com/financehelper/service/MarginCalculatorService.java. Using fallback presentation compiler.
2026.06.05 22:24:50 INFO  no build target found for /Users/cccllc/Desktop/SE 350/FinanceHelper/src/main/java/com/financehelper/service/MarginCalculatorService.java. Using fallback presentation compiler.
2026.06.05 22:24:50 INFO  no build target found for /Users/cccllc/Desktop/SE 350/FinanceHelper/src/main/java/com/financehelper/service/MarginCalculatorService.java. Using fallback presentation compiler.
2026.06.05 22:24:50 INFO  no build target found for /Users/cccllc/Desktop/SE 350/FinanceHelper/src/main/java/com/financehelper/service/MarginCalculatorService.java. Using fallback presentation compiler.
2026.06.05 22:24:51 INFO  no build target found for /Users/cccllc/Desktop/SE 350/FinanceHelper/src/main/java/com/financehelper/service/MarginCalculatorService.java. Using fallback presentation compiler.
2026.06.05 22:24:51 INFO  no build target found for /Users/cccllc/Desktop/SE 350/FinanceHelper/src/main/java/com/financehelper/service/MarginCalculatorService.java. Using fallback presentation compiler.
2026.06.05 22:24:51 INFO  no build target found for /Users/cccllc/Desktop/SE 350/FinanceHelper/src/main/java/com/financehelper/service/MarginCalculatorService.java. Using fallback presentation compiler.
2026.06.05 22:24:57 INFO  no build target found for /Users/cccllc/Desktop/SE 350/FinanceHelper/src/main/java/com/financehelper/service/MarginCalculatorService.java. Using fallback presentation compiler.
2026.06.05 22:24:57 INFO  no build target found for /Users/cccllc/Desktop/SE 350/FinanceHelper/src/main/java/com/financehelper/service/MarginCalculatorService.java. Using fallback presentation compiler.
2026.06.05 22:24:58 INFO  no build target found for /Users/cccllc/Desktop/SE 350/FinanceHelper/src/main/java/com/financehelper/service/MarginCalculatorService.java. Using fallback presentation compiler.
2026.06.05 22:24:57 INFO  no build target found for /Users/cccllc/Desktop/SE 350/FinanceHelper/src/main/java/com/financehelper/service/MarginCalculatorService.java. Using fallback presentation compiler.
2026.06.05 22:24:57 INFO  no build target found for /Users/cccllc/Desktop/SE 350/FinanceHelper/src/main/java/com/financehelper/service/MarginCalculatorService.java. Using fallback presentation compiler.
2026.06.05 22:24:58 INFO  no build target found for /Users/cccllc/Desktop/SE 350/FinanceHelper/src/main/java/com/financehelper/service/MarginCalculatorService.java. Using fallback presentation compiler.
2026.06.05 22:24:57 INFO  no build target found for /Users/cccllc/Desktop/SE 350/FinanceHelper/src/main/java/com/financehelper/service/MarginCalculatorService.java. Using fallback presentation compiler.
2026.06.05 22:24:57 INFO  no build target found for /Users/cccllc/Desktop/SE 350/FinanceHelper/src/main/java/com/financehelper/service/MarginCalculatorService.java. Using fallback presentation compiler.
2026.06.05 22:24:58 INFO  no build target found for /Users/cccllc/Desktop/SE 350/FinanceHelper/src/main/java/com/financehelper/service/MarginCalculatorService.java. Using fallback presentation compiler.
2026.06.05 22:24:59 INFO  no build target found for /Users/cccllc/Desktop/SE 350/FinanceHelper/src/main/java/com/financehelper/service/MarginCalculatorService.java. Using fallback presentation compiler.
2026.06.05 22:24:59 INFO  no build target found for /Users/cccllc/Desktop/SE 350/FinanceHelper/src/main/java/com/financehelper/service/MarginCalculatorService.java. Using fallback presentation compiler.
2026.06.05 22:24:59 INFO  no build target found for /Users/cccllc/Desktop/SE 350/FinanceHelper/src/main/java/com/financehelper/service/MarginCalculatorService.java. Using fallback presentation compiler.
2026.06.05 22:24:59 INFO  no build target found for /Users/cccllc/Desktop/SE 350/FinanceHelper/src/main/java/com/financehelper/service/MarginCalculatorService.java. Using fallback presentation compiler.
2026.06.05 22:24:59 INFO  no build target found for /Users/cccllc/Desktop/SE 350/FinanceHelper/src/main/java/com/financehelper/service/MarginCalculatorService.java. Using fallback presentation compiler.
2026.06.05 22:25:01 INFO  no build target found for /Users/cccllc/Desktop/SE 350/FinanceHelper/src/main/java/com/financehelper/service/MarginCalculatorService.java. Using fallback presentation compiler.
2026.06.05 22:25:07 INFO  no build target found for /Users/cccllc/Desktop/SE 350/FinanceHelper/src/main/java/com/financehelper/service/MarginCalculatorService.java. Using fallback presentation compiler.
2026.06.05 22:25:07 INFO  no build target found for /Users/cccllc/Desktop/SE 350/FinanceHelper/src/main/java/com/financehelper/service/MarginCalculatorService.java. Using fallback presentation compiler.
2026.06.05 22:25:09 INFO  no build target found for /Users/cccllc/Desktop/SE 350/FinanceHelper/src/main/java/com/financehelper/service/MarginCalculatorService.java. Using fallback presentation compiler.
2026.06.05 22:25:09 INFO  no build target found for /Users/cccllc/Desktop/SE 350/FinanceHelper/src/main/java/com/financehelper/service/MarginCalculatorService.java. Using fallback presentation compiler.
2026.06.05 22:25:09 INFO  no build target found for /Users/cccllc/Desktop/SE 350/FinanceHelper/src/main/java/com/financehelper/service/MarginCalculatorService.java. Using fallback presentation compiler.
2026.06.05 22:25:09 INFO  no build target found for /Users/cccllc/Desktop/SE 350/FinanceHelper/src/main/java/com/financehelper/service/MarginCalculatorService.java. Using fallback presentation compiler.
2026.06.05 22:25:12 INFO  no build target found for /Users/cccllc/Desktop/SE 350/FinanceHelper/src/main/java/com/financehelper/service/MarginCalculatorService.java. Using fallback presentation compiler.
2026.06.05 22:25:12 INFO  no build target found for /Users/cccllc/Desktop/SE 350/FinanceHelper/src/main/java/com/financehelper/service/MarginCalculatorService.java. Using fallback presentation compiler.
2026.06.05 22:25:12 INFO  no build target found for /Users/cccllc/Desktop/SE 350/FinanceHelper/src/main/java/com/financehelper/service/MarginCalculatorService.java. Using fallback presentation compiler.
2026.06.05 22:25:13 INFO  no build target found for /Users/cccllc/Desktop/SE 350/FinanceHelper/src/main/java/com/financehelper/service/MarginCalculatorService.java. Using fallback presentation compiler.
2026.06.05 22:25:12 INFO  no build target found for /Users/cccllc/Desktop/SE 350/FinanceHelper/src/main/java/com/financehelper/service/MarginCalculatorService.java. Using fallback presentation compiler.
2026.06.05 22:25:12 INFO  no build target found for /Users/cccllc/Desktop/SE 350/FinanceHelper/src/main/java/com/financehelper/service/MarginCalculatorService.java. Using fallback presentation compiler.
2026.06.05 22:25:12 INFO  no build target found for /Users/cccllc/Desktop/SE 350/FinanceHelper/src/main/java/com/financehelper/service/MarginCalculatorService.java. Using fallback presentation compiler.
2026.06.05 22:25:13 INFO  no build target found for /Users/cccllc/Desktop/SE 350/FinanceHelper/src/main/java/com/financehelper/service/MarginCalculatorService.java. Using fallback presentation compiler.
2026.06.05 22:25:13 INFO  no build target found for /Users/cccllc/Desktop/SE 350/FinanceHelper/src/main/java/com/financehelper/service/MarginCalculatorService.java. Using fallback presentation compiler.
2026.06.05 22:25:13 INFO  no build target found for /Users/cccllc/Desktop/SE 350/FinanceHelper/src/main/java/com/financehelper/service/MarginCalculatorService.java. Using fallback presentation compiler.
2026.06.05 22:25:13 INFO  no build target found for /Users/cccllc/Desktop/SE 350/FinanceHelper/src/main/java/com/financehelper/service/MarginCalculatorService.java. Using fallback presentation compiler.
2026.06.05 22:25:13 INFO  no build target found for /Users/cccllc/Desktop/SE 350/FinanceHelper/src/main/java/com/financehelper/service/MarginCalculatorService.java. Using fallback presentation compiler.
2026.06.05 22:25:15 INFO  no build target found for /Users/cccllc/Desktop/SE 350/FinanceHelper/src/main/java/com/financehelper/service/MarginCalculatorService.java. Using fallback presentation compiler.
2026.06.05 22:25:15 INFO  no build target found for /Users/cccllc/Desktop/SE 350/FinanceHelper/src/main/java/com/financehelper/service/MarginCalculatorService.java. Using fallback presentation compiler.
2026.06.05 22:25:15 INFO  no build target found for /Users/cccllc/Desktop/SE 350/FinanceHelper/src/main/java/com/financehelper/service/MarginCalculatorService.java. Using fallback presentation compiler.
2026.06.05 22:25:15 INFO  no build target found for /Users/cccllc/Desktop/SE 350/FinanceHelper/src/main/java/com/financehelper/service/MarginCalculatorService.java. Using fallback presentation compiler.
2026.06.05 22:25:15 INFO  no build target found for /Users/cccllc/Desktop/SE 350/FinanceHelper/src/main/java/com/financehelper/service/MarginCalculatorService.java. Using fallback presentation compiler.
2026.06.05 22:25:16 INFO  no build target found for /Users/cccllc/Desktop/SE 350/FinanceHelper/src/main/java/com/financehelper/service/MarginCalculatorService.java. Using fallback presentation compiler.
2026.06.05 22:25:16 INFO  no build target found for /Users/cccllc/Desktop/SE 350/FinanceHelper/src/main/java/com/financehelper/service/MarginCalculatorService.java. Using fallback presentation compiler.
2026.06.05 22:25:25 INFO  no build target found for /Users/cccllc/Desktop/SE 350/FinanceHelper/src/main/java/com/financehelper/service/MarginCalculatorService.java. Using fallback presentation compiler.
2026.06.05 22:25:25 INFO  no build target found for /Users/cccllc/Desktop/SE 350/FinanceHelper/src/main/java/com/financehelper/service/MarginCalculatorService.java. Using fallback presentation compiler.
2026.06.05 22:25:26 INFO  no build target found for /Users/cccllc/Desktop/SE 350/FinanceHelper/src/main/java/com/financehelper/service/MarginCalculatorService.java. Using fallback presentation compiler.
2026.06.05 22:25:28 INFO  no build target found for /Users/cccllc/Desktop/SE 350/FinanceHelper/src/main/java/com/financehelper/service/MarginCalculatorService.java. Using fallback presentation compiler.
2026.06.05 22:25:28 INFO  no build target found for /Users/cccllc/Desktop/SE 350/FinanceHelper/src/main/java/com/financehelper/service/MarginCalculatorService.java. Using fallback presentation compiler.
2026.06.05 22:25:28 INFO  no build target found for /Users/cccllc/Desktop/SE 350/FinanceHelper/src/main/java/com/financehelper/service/MarginCalculatorService.java. Using fallback presentation compiler.
2026.06.05 22:25:30 INFO  no build target found for /Users/cccllc/Desktop/SE 350/FinanceHelper/src/main/java/com/financehelper/service/MarginCalculatorService.java. Using fallback presentation compiler.
2026.06.05 22:25:30 INFO  no build target found for /Users/cccllc/Desktop/SE 350/FinanceHelper/src/main/java/com/financehelper/service/MarginCalculatorService.java. Using fallback presentation compiler.
2026.06.05 22:25:37 INFO  no build target found for /Users/cccllc/Desktop/SE 350/FinanceHelper/src/main/java/com/financehelper/model/MarginResultBuilder.java. Using fallback presentation compiler.
2026.06.05 22:25:43 INFO  no build target found for /Users/cccllc/Desktop/SE 350/FinanceHelper/src/main/java/com/financehelper/model/MarginResultBuilder.java. Using fallback presentation compiler.
2026.06.05 22:25:43 WARN  no build target for: /Users/cccllc/Desktop/SE 350/FinanceHelper/src/main/java/com/financehelper/model/MarginResultBuilder.java
2026.06.05 22:25:43 INFO  no build target found for /Users/cccllc/Desktop/SE 350/FinanceHelper/src/main/java/com/financehelper/model/MarginResultBuilder.java. Using fallback presentation compiler.
2026.06.05 22:25:43 INFO  no build target found for /Users/cccllc/Desktop/SE 350/FinanceHelper/src/main/java/com/financehelper/model/MarginResultBuilder.java. Using fallback presentation compiler.
2026.06.05 22:25:43 INFO  no build target found for /Users/cccllc/Desktop/SE 350/FinanceHelper/src/main/java/com/financehelper/model/MarginResultBuilder.java. Using fallback presentation compiler.
2026.06.05 22:25:43 INFO  no build target found for /Users/cccllc/Desktop/SE 350/FinanceHelper/src/main/java/com/financehelper/model/MarginResultBuilder.java. Using fallback presentation compiler.
2026.06.05 22:25:43 INFO  no build target found for /Users/cccllc/Desktop/SE 350/FinanceHelper/src/main/java/com/financehelper/model/MarginResultBuilder.java. Using fallback presentation compiler.
2026.06.05 22:25:45 INFO  no build target found for /Users/cccllc/Desktop/SE 350/FinanceHelper/src/main/java/com/financehelper/model/MarginResultBuilder.java. Using fallback presentation compiler.
2026.06.05 22:25:45 INFO  no build target found for /Users/cccllc/Desktop/SE 350/FinanceHelper/src/main/java/com/financehelper/model/MarginResultBuilder.java. Using fallback presentation compiler.
2026.06.05 22:25:49 INFO  no build target found for /Users/cccllc/Desktop/SE 350/FinanceHelper/src/main/java/com/financehelper/model/MarginResultBuilder.java. Using fallback presentation compiler.
2026.06.05 22:25:51 INFO  no build target found for /Users/cccllc/Desktop/SE 350/FinanceHelper/src/main/java/com/financehelper/model/MarginResultBuilder.java. Using fallback presentation compiler.
2026.06.05 22:25:51 INFO  no build target found for /Users/cccllc/Desktop/SE 350/FinanceHelper/src/main/java/com/financehelper/model/MarginResultBuilder.java. Using fallback presentation compiler.
2026.06.05 22:25:53 INFO  no build target found for /Users/cccllc/Desktop/SE 350/FinanceHelper/src/main/java/com/financehelper/model/MarginResultBuilder.java. Using fallback presentation compiler.
2026.06.05 22:25:53 INFO  no build target found for /Users/cccllc/Desktop/SE 350/FinanceHelper/src/main/java/com/financehelper/model/MarginResultBuilder.java. Using fallback presentation compiler.
2026.06.05 22:25:53 INFO  no build target found for /Users/cccllc/Desktop/SE 350/FinanceHelper/src/main/java/com/financehelper/model/MarginResultBuilder.java. Using fallback presentation compiler.
2026.06.05 22:25:53 INFO  no build target found for /Users/cccllc/Desktop/SE 350/FinanceHelper/src/main/java/com/financehelper/model/MarginResultBuilder.java. Using fallback presentation compiler.
2026.06.05 22:25:53 INFO  no build target found for /Users/cccllc/Desktop/SE 350/FinanceHelper/src/main/java/com/financehelper/model/MarginResultBuilder.java. Using fallback presentation compiler.
2026.06.05 22:25:53 INFO  no build target found for /Users/cccllc/Desktop/SE 350/FinanceHelper/src/main/java/com/financehelper/model/MarginResultBuilder.java. Using fallback presentation compiler.
2026.06.05 22:25:53 INFO  no build target found for /Users/cccllc/Desktop/SE 350/FinanceHelper/src/main/java/com/financehelper/model/MarginResultBuilder.java. Using fallback presentation compiler.
2026.06.05 22:25:53 INFO  no build target found for /Users/cccllc/Desktop/SE 350/FinanceHelper/src/main/java/com/financehelper/model/MarginResultBuilder.java. Using fallback presentation compiler.
2026.06.05 22:25:53 INFO  no build target found for /Users/cccllc/Desktop/SE 350/FinanceHelper/src/main/java/com/financehelper/model/MarginResultBuilder.java. Using fallback presentation compiler.
2026.06.05 22:25:57 INFO  no build target found for /Users/cccllc/Desktop/SE 350/FinanceHelper/src/main/java/com/financehelper/model/MarginResultBuilder.java. Using fallback presentation compiler.
2026.06.05 22:25:57 INFO  no build target found for /Users/cccllc/Desktop/SE 350/FinanceHelper/src/main/java/com/financehelper/model/MarginResultBuilder.java. Using fallback presentation compiler.
2026.06.05 22:25:57 INFO  no build target found for /Users/cccllc/Desktop/SE 350/FinanceHelper/src/main/java/com/financehelper/model/MarginResultBuilder.java. Using fallback presentation compiler.
2026.06.05 22:26:03 INFO  no build target found for /Users/cccllc/Desktop/SE 350/FinanceHelper/src/main/java/com/financehelper/model/MarginResultBuilder.java. Using fallback presentation compiler.
2026.06.05 22:26:03 INFO  no build target found for /Users/cccllc/Desktop/SE 350/FinanceHelper/src/main/java/com/financehelper/model/MarginResultBuilder.java. Using fallback presentation compiler.
2026.06.05 22:26:04 INFO  no build target found for /Users/cccllc/Desktop/SE 350/FinanceHelper/src/main/java/com/financehelper/model/MarginResultBuilder.java. Using fallback presentation compiler.
2026.06.05 22:26:04 INFO  no build target found for /Users/cccllc/Desktop/SE 350/FinanceHelper/src/main/java/com/financehelper/model/MarginResultBuilder.java. Using fallback presentation compiler.
2026.06.05 22:26:12 INFO  no build target found for /Users/cccllc/Desktop/SE 350/FinanceHelper/src/main/java/com/financehelper/model/MarginResultBuilder.java. Using fallback presentation compiler.
2026.06.05 22:26:12 INFO  no build target found for /Users/cccllc/Desktop/SE 350/FinanceHelper/src/main/java/com/financehelper/model/MarginResultBuilder.java. Using fallback presentation compiler.
2026.06.05 22:26:15 INFO  no build target found for /Users/cccllc/Desktop/SE 350/FinanceHelper/src/main/java/com/financehelper/model/MarginResultBuilder.java. Using fallback presentation compiler.
2026.06.05 22:26:15 INFO  no build target found for /Users/cccllc/Desktop/SE 350/FinanceHelper/src/main/java/com/financehelper/model/MarginResultBuilder.java. Using fallback presentation compiler.
2026.06.05 22:26:15 WARN  Running javac-semanticdb failed for file:///Users/cccllc/Desktop/SE%20350/FinanceHelper/src/main/java/com/financehelper/model/MarginResultBuilder.java. Output:

2026.06.05 22:26:16 INFO  no build target found for /Users/cccllc/Desktop/SE 350/FinanceHelper/src/main/java/com/financehelper/model/MarginResultBuilder.java. Using fallback presentation compiler.
2026.06.05 22:26:16 INFO  Created report: Optional[file:///Users/cccllc/Desktop/SE%20350/FinanceHelper/src/main/java/com/financehelper/model/MarginResultBuilder.java]
2026.06.05 22:26:16 INFO  empty definition using pc, found symbol in pc: _empty_/Expense# (full report at: "/Users/cccllc/Desktop/SE 350/FinanceHelper/.metals/.reports/metals-full/2026-06-05/r_empty-definition_22-26-16-430.md")
2026.06.05 22:26:15 INFO  no build target found for /Users/cccllc/Desktop/SE 350/FinanceHelper/src/main/java/com/financehelper/model/Expense.java. Using fallback presentation compiler.
2026.06.05 22:26:16 INFO  no build target found for /Users/cccllc/Desktop/SE 350/FinanceHelper/src/main/java/com/financehelper/model/MarginResultBuilder.java. Using fallback presentation compiler.
2026.06.05 22:26:16 INFO  no build target found for /Users/cccllc/Desktop/SE 350/FinanceHelper/src/main/java/com/financehelper/model/MarginResultBuilder.java. Using fallback presentation compiler.
2026.06.05 22:26:17 INFO  no build target found for /Users/cccllc/Desktop/SE 350/FinanceHelper/src/main/java/com/financehelper/model/MarginResultBuilder.java. Using fallback presentation compiler.
2026.06.05 22:26:18 INFO  no build target found for /Users/cccllc/Desktop/SE 350/FinanceHelper/src/main/java/com/financehelper/model/MarginResultBuilder.java. Using fallback presentation compiler.
2026.06.05 22:26:26 INFO  no build target found for /Users/cccllc/Desktop/SE 350/FinanceHelper/src/main/java/com/financehelper/service/MarginCalculatorService.java. Using fallback presentation compiler.
2026.06.05 22:26:26 WARN  no build target for: /Users/cccllc/Desktop/SE 350/FinanceHelper/src/main/java/com/financehelper/service/MarginCalculatorService.java
2026.06.05 22:26:26 INFO  no build target found for /Users/cccllc/Desktop/SE 350/FinanceHelper/src/main/java/com/financehelper/service/MarginCalculatorService.java. Using fallback presentation compiler.
2026.06.05 22:26:28 INFO  no build target found for /Users/cccllc/Desktop/SE 350/FinanceHelper/src/main/java/com/financehelper/service/MarginCalculatorService.java. Using fallback presentation compiler.
2026.06.05 22:26:28 INFO  no build target found for /Users/cccllc/Desktop/SE 350/FinanceHelper/src/main/java/com/financehelper/service/MarginCalculatorService.java. Using fallback presentation compiler.
2026.06.05 22:26:28 INFO  no build target found for /Users/cccllc/Desktop/SE 350/FinanceHelper/src/main/java/com/financehelper/service/MarginCalculatorService.java. Using fallback presentation compiler.
2026.06.05 22:26:29 WARN  Running javac-semanticdb failed for file:///Users/cccllc/Desktop/SE%20350/FinanceHelper/src/main/java/com/financehelper/service/MarginCalculatorService.java. Output:

2026.06.05 22:26:29 INFO  no build target found for /Users/cccllc/Desktop/SE 350/FinanceHelper/src/main/java/com/financehelper/service/MarginCalculatorService.java. Using fallback presentation compiler.
2026.06.05 22:26:29 INFO  no build target found for /Users/cccllc/Desktop/SE 350/FinanceHelper/src/main/java/com/financehelper/service/MarginCalculatorService.java. Using fallback presentation compiler.
2026.06.05 22:26:29 INFO  no build target found for /Users/cccllc/Desktop/SE 350/FinanceHelper/src/main/java/com/financehelper/service/MarginCalculatorService.java. Using fallback presentation compiler.
2026.06.05 22:26:30 INFO  no build target found for /Users/cccllc/Desktop/SE 350/FinanceHelper/src/main/java/com/financehelper/service/MarginCalculatorService.java. Using fallback presentation compiler.
2026.06.05 22:26:29 INFO  no build target found for /Users/cccllc/Desktop/SE 350/FinanceHelper/src/main/java/com/financehelper/service/MarginCalculatorService.java. Using fallback presentation compiler.
2026.06.05 22:26:30 INFO  no build target found for /Users/cccllc/Desktop/SE 350/FinanceHelper/src/main/java/com/financehelper/service/MarginCalculatorService.java. Using fallback presentation compiler.
2026.06.05 22:26:30 INFO  no build target found for /Users/cccllc/Desktop/SE 350/FinanceHelper/src/main/java/com/financehelper/service/MarginCalculatorService.java. Using fallback presentation compiler.
2026.06.05 22:26:30 INFO  no build target found for /Users/cccllc/Desktop/SE 350/FinanceHelper/src/main/java/com/financehelper/service/MarginCalculatorService.java. Using fallback presentation compiler.
2026.06.05 22:26:30 INFO  no build target found for /Users/cccllc/Desktop/SE 350/FinanceHelper/src/main/java/com/financehelper/service/MarginCalculatorService.java. Using fallback presentation compiler.
2026.06.05 22:26:31 INFO  no build target found for /Users/cccllc/Desktop/SE 350/FinanceHelper/src/main/java/com/financehelper/service/MarginCalculatorService.java. Using fallback presentation compiler.
2026.06.05 22:26:30 INFO  no build target found for /Users/cccllc/Desktop/SE 350/FinanceHelper/src/main/java/com/financehelper/service/MarginCalculatorService.java. Using fallback presentation compiler.
2026.06.05 22:26:31 INFO  no build target found for /Users/cccllc/Desktop/SE 350/FinanceHelper/src/main/java/com/financehelper/service/MarginCalculatorService.java. Using fallback presentation compiler.
2026.06.05 22:26:31 INFO  no build target found for /Users/cccllc/Desktop/SE 350/FinanceHelper/src/main/java/com/financehelper/service/MarginCalculatorService.java. Using fallback presentation compiler.
2026.06.05 22:26:31 INFO  no build target found for /Users/cccllc/Desktop/SE 350/FinanceHelper/src/main/java/com/financehelper/service/MarginCalculatorService.java. Using fallback presentation compiler.
2026.06.05 22:26:31 INFO  no build target found for /Users/cccllc/Desktop/SE 350/FinanceHelper/src/main/java/com/financehelper/service/MarginCalculatorService.java. Using fallback presentation compiler.
2026.06.05 22:26:32 INFO  no build target found for /Users/cccllc/Desktop/SE 350/FinanceHelper/src/main/java/com/financehelper/service/MarginCalculatorService.java. Using fallback presentation compiler.
2026.06.05 22:26:31 INFO  no build target found for /Users/cccllc/Desktop/SE 350/FinanceHelper/src/main/java/com/financehelper/service/MarginCalculatorService.java. Using fallback presentation compiler.
2026.06.05 22:26:31 INFO  no build target found for /Users/cccllc/Desktop/SE 350/FinanceHelper/src/main/java/com/financehelper/service/MarginCalculatorService.java. Using fallback presentation compiler.
2026.06.05 22:28:41 INFO  no build target found for /Users/cccllc/Desktop/SE 350/FinanceHelper/src/main/java/com/financehelper/service/MarginCalculatorService.java. Using fallback presentation compiler.
2026.06.05 22:28:48 INFO  no build target found for /Users/cccllc/Desktop/SE 350/FinanceHelper/src/main/java/com/financehelper/service/MarginCalculatorService.java. Using fallback presentation compiler.
2026.06.05 22:28:48 INFO  no build target found for /Users/cccllc/Desktop/SE 350/FinanceHelper/src/main/java/com/financehelper/service/MarginCalculatorService.java. Using fallback presentation compiler.
2026.06.05 22:28:48 INFO  no build target found for /Users/cccllc/Desktop/SE 350/FinanceHelper/src/main/java/com/financehelper/service/MarginCalculatorService.java. Using fallback presentation compiler.
2026.06.05 22:28:51 WARN  Running javac-semanticdb failed for file:///Users/cccllc/Desktop/SE%20350/FinanceHelper/src/main/java/com/financehelper/service/MarginCalculatorService.java. Output:

2026.06.05 22:28:51 INFO  no build target found for /Users/cccllc/Desktop/SE 350/FinanceHelper/src/main/java/com/financehelper/service/MarginCalculatorService.java. Using fallback presentation compiler.
2026.06.05 22:28:51 INFO  no build target found for /Users/cccllc/Desktop/SE 350/FinanceHelper/src/main/java/com/financehelper/service/MarginCalculatorService.java. Using fallback presentation compiler.
2026.06.05 22:28:51 INFO  no build target found for /Users/cccllc/Desktop/SE 350/FinanceHelper/src/main/java/com/financehelper/service/MarginCalculatorService.java. Using fallback presentation compiler.
2026.06.05 22:29:42 INFO  no build target found for /Users/cccllc/Desktop/SE 350/FinanceHelper/src/main/java/com/financehelper/service/MarginCalculatorService.java. Using fallback presentation compiler.
2026.06.05 22:29:43 INFO  no build target found for /Users/cccllc/Desktop/SE 350/FinanceHelper/src/main/java/com/financehelper/service/MarginCalculatorService.java. Using fallback presentation compiler.
2026.06.05 22:29:43 INFO  no build target found for /Users/cccllc/Desktop/SE 350/FinanceHelper/src/main/java/com/financehelper/service/MarginCalculatorService.java. Using fallback presentation compiler.
2026.06.05 22:29:43 INFO  no build target found for /Users/cccllc/Desktop/SE 350/FinanceHelper/src/main/java/com/financehelper/service/MarginCalculatorService.java. Using fallback presentation compiler.
2026.06.05 22:29:43 INFO  no build target found for /Users/cccllc/Desktop/SE 350/FinanceHelper/src/main/java/com/financehelper/service/MarginCalculatorService.java. Using fallback presentation compiler.
2026.06.05 22:29:46 INFO  no build target found for /Users/cccllc/Desktop/SE 350/FinanceHelper/src/main/java/com/financehelper/service/MarginCalculatorService.java. Using fallback presentation compiler.
2026.06.05 22:29:46 INFO  no build target found for /Users/cccllc/Desktop/SE 350/FinanceHelper/src/main/java/com/financehelper/service/MarginCalculatorService.java. Using fallback presentation compiler.
2026.06.05 22:29:46 INFO  no build target found for /Users/cccllc/Desktop/SE 350/FinanceHelper/src/main/java/com/financehelper/service/MarginCalculatorService.java. Using fallback presentation compiler.
2026.06.05 22:29:46 INFO  no build target found for /Users/cccllc/Desktop/SE 350/FinanceHelper/src/main/java/com/financehelper/service/MarginCalculatorService.java. Using fallback presentation compiler.
2026.06.05 22:29:46 INFO  no build target found for /Users/cccllc/Desktop/SE 350/FinanceHelper/src/main/java/com/financehelper/service/MarginCalculatorService.java. Using fallback presentation compiler.
2026.06.05 22:29:48 INFO  no build target found for /Users/cccllc/Desktop/SE 350/FinanceHelper/src/main/java/com/financehelper/service/MarginCalculatorService.java. Using fallback presentation compiler.
2026.06.05 22:29:48 INFO  no build target found for /Users/cccllc/Desktop/SE 350/FinanceHelper/src/main/java/com/financehelper/service/MarginCalculatorService.java. Using fallback presentation compiler.
2026.06.05 22:29:48 INFO  no build target found for /Users/cccllc/Desktop/SE 350/FinanceHelper/src/main/java/com/financehelper/service/MarginCalculatorService.java. Using fallback presentation compiler.
2026.06.05 22:29:48 INFO  no build target found for /Users/cccllc/Desktop/SE 350/FinanceHelper/src/main/java/com/financehelper/service/MarginCalculatorService.java. Using fallback presentation compiler.
2026.06.05 22:29:48 INFO  no build target found for /Users/cccllc/Desktop/SE 350/FinanceHelper/src/main/java/com/financehelper/service/MarginCalculatorService.java. Using fallback presentation compiler.
2026.06.05 22:29:48 INFO  no build target found for /Users/cccllc/Desktop/SE 350/FinanceHelper/src/main/java/com/financehelper/service/MarginCalculatorService.java. Using fallback presentation compiler.
2026.06.05 22:29:49 INFO  no build target found for /Users/cccllc/Desktop/SE 350/FinanceHelper/src/main/java/com/financehelper/service/MarginCalculatorService.java. Using fallback presentation compiler.
2026.06.05 22:29:49 INFO  no build target found for /Users/cccllc/Desktop/SE 350/FinanceHelper/src/main/java/com/financehelper/service/MarginCalculatorService.java. Using fallback presentation compiler.
2026.06.05 22:29:53 INFO  no build target found for /Users/cccllc/Desktop/SE 350/FinanceHelper/src/main/java/com/financehelper/service/MarginCalculatorService.java. Using fallback presentation compiler.
2026.06.05 22:29:53 INFO  no build target found for /Users/cccllc/Desktop/SE 350/FinanceHelper/src/main/java/com/financehelper/service/MarginCalculatorService.java. Using fallback presentation compiler.
2026.06.05 22:30:58 INFO  no build target found for /Users/cccllc/Desktop/SE 350/FinanceHelper/src/main/java/com/financehelper/service/MarginCalculatorService.java. Using fallback presentation compiler.
2026.06.05 22:30:58 WARN  Running javac-semanticdb failed for file:///Users/cccllc/Desktop/SE%20350/FinanceHelper/src/main/java/com/financehelper/service/MarginCalculatorService.java. Output:

2026.06.05 22:30:59 INFO  no build target found for /Users/cccllc/Desktop/SE 350/FinanceHelper/src/main/java/com/financehelper/service/MarginCalculatorService.java. Using fallback presentation compiler.
2026.06.05 22:30:59 INFO  Created report: Optional[file:///Users/cccllc/Desktop/SE%20350/FinanceHelper/src/main/java/com/financehelper/service/MarginCalculatorService.java]
2026.06.05 22:30:59 INFO  empty definition using pc, found symbol in pc: _empty_/MarginObserver#onMarginCalculated# (full report at: "/Users/cccllc/Desktop/SE 350/FinanceHelper/.metals/.reports/metals-full/2026-06-05/r_empty-definition_22-30-59-537.md")
2026.06.05 22:30:59 INFO  no build target found for /Users/cccllc/Desktop/SE 350/FinanceHelper/src/main/java/com/financehelper/service/MarginCalculatorService.java. Using fallback presentation compiler.
2026.06.05 22:30:59 INFO  no build target found for /Users/cccllc/Desktop/SE 350/FinanceHelper/src/main/java/com/financehelper/service/MarginCalculatorService.java. Using fallback presentation compiler.
2026.06.05 22:30:59 INFO  no build target found for /Users/cccllc/Desktop/SE 350/FinanceHelper/src/main/java/com/financehelper/service/MarginCalculatorService.java. Using fallback presentation compiler.
2026.06.05 22:31:00 INFO  no build target found for /Users/cccllc/Desktop/SE 350/FinanceHelper/src/main/java/com/financehelper/service/MarginCalculatorService.java. Using fallback presentation compiler.
2026.06.05 22:30:59 INFO  no build target found for /Users/cccllc/Desktop/SE 350/FinanceHelper/src/main/java/com/financehelper/service/MarginCalculatorService.java. Using fallback presentation compiler.
2026.06.05 22:31:12 INFO  no build target found for /Users/cccllc/Desktop/SE 350/FinanceHelper/src/main/java/com/financehelper/service/MarginCalculatorService.java. Using fallback presentation compiler.
2026.06.05 22:31:14 INFO  no build target found for /Users/cccllc/Desktop/SE 350/FinanceHelper/src/main/java/com/financehelper/service/MarginCalculatorService.java. Using fallback presentation compiler.
2026.06.05 22:31:14 INFO  no build target found for /Users/cccllc/Desktop/SE 350/FinanceHelper/src/main/java/com/financehelper/service/MarginCalculatorService.java. Using fallback presentation compiler.
2026.06.05 22:31:15 INFO  no build target found for /Users/cccllc/Desktop/SE 350/FinanceHelper/src/main/java/com/financehelper/service/MarginCalculatorService.java. Using fallback presentation compiler.
2026.06.05 22:31:19 INFO  no build target found for /Users/cccllc/Desktop/SE 350/FinanceHelper/src/main/java/com/financehelper/model/MarginResultBuilder.java. Using fallback presentation compiler.
2026.06.05 22:31:19 WARN  no build target for: /Users/cccllc/Desktop/SE 350/FinanceHelper/src/main/java/com/financehelper/model/MarginResultBuilder.java
2026.06.05 22:31:19 INFO  no build target found for /Users/cccllc/Desktop/SE 350/FinanceHelper/src/main/java/com/financehelper/model/MarginResultBuilder.java. Using fallback presentation compiler.
2026.06.05 22:31:19 INFO  no build target found for /Users/cccllc/Desktop/SE 350/FinanceHelper/src/main/java/com/financehelper/model/MarginResultBuilder.java. Using fallback presentation compiler.
2026.06.05 22:31:26 INFO  no build target found for /Users/cccllc/Desktop/SE 350/FinanceHelper/src/main/java/com/financehelper/model/MarginResultBuilder.java. Using fallback presentation compiler.
2026.06.05 22:31:26 INFO  no build target found for /Users/cccllc/Desktop/SE 350/FinanceHelper/src/main/java/com/financehelper/model/MarginResultBuilder.java. Using fallback presentation compiler.
2026.06.05 22:31:29 INFO  no build target found for /Users/cccllc/Desktop/SE 350/FinanceHelper/src/main/java/com/financehelper/model/MarginResultBuilder.java. Using fallback presentation compiler.
2026.06.05 22:31:30 INFO  no build target found for /Users/cccllc/Desktop/SE 350/FinanceHelper/src/main/java/com/financehelper/model/MarginResultBuilder.java. Using fallback presentation compiler.
2026.06.05 22:31:30 INFO  no build target found for /Users/cccllc/Desktop/SE 350/FinanceHelper/src/main/java/com/financehelper/model/MarginResultBuilder.java. Using fallback presentation compiler.
2026.06.05 22:34:06 INFO  no build target found for /Users/cccllc/Desktop/SE 350/FinanceHelper/src/main/java/com/financehelper/model/MarginResultBuilder.java. Using fallback presentation compiler.
2026.06.05 22:34:09 INFO  no build target found for /Users/cccllc/Desktop/SE 350/FinanceHelper/src/main/java/com/financehelper/model/MarginResultBuilder.java. Using fallback presentation compiler.
2026.06.05 22:34:09 INFO  no build target found for /Users/cccllc/Desktop/SE 350/FinanceHelper/src/main/java/com/financehelper/model/MarginResultBuilder.java. Using fallback presentation compiler.
2026.06.05 22:34:09 INFO  no build target found for /Users/cccllc/Desktop/SE 350/FinanceHelper/src/main/java/com/financehelper/model/MarginResultBuilder.java. Using fallback presentation compiler.
2026.06.05 22:34:09 INFO  no build target found for /Users/cccllc/Desktop/SE 350/FinanceHelper/src/main/java/com/financehelper/model/MarginResultBuilder.java. Using fallback presentation compiler.
2026.06.05 22:34:09 INFO  no build target found for /Users/cccllc/Desktop/SE 350/FinanceHelper/src/main/java/com/financehelper/model/MarginResultBuilder.java. Using fallback presentation compiler.
2026.06.05 22:34:35 INFO  no build target found for /Users/cccllc/Desktop/SE 350/FinanceHelper/src/main/java/com/financehelper/model/MarginResultBuilder.java. Using fallback presentation compiler.
2026.06.05 22:34:35 INFO  no build target found for /Users/cccllc/Desktop/SE 350/FinanceHelper/src/main/java/com/financehelper/model/MarginResult.java. Using fallback presentation compiler.
2026.06.05 22:34:35 INFO  no build target found for /Users/cccllc/Desktop/SE 350/FinanceHelper/src/main/java/com/financehelper/model/MarginResult.java. Using fallback presentation compiler.
2026.06.05 22:34:35 INFO  no build target found for /Users/cccllc/Desktop/SE 350/FinanceHelper/src/main/java/com/financehelper/model/MarginResult.java. Using fallback presentation compiler.
2026.06.05 22:34:35 INFO  no build target found for /Users/cccllc/Desktop/SE 350/FinanceHelper/src/main/java/com/financehelper/model/MarginResult.java. Using fallback presentation compiler.
2026.06.05 22:34:39 INFO  no build target found for /Users/cccllc/Desktop/SE 350/FinanceHelper/src/main/java/com/financehelper/service/MarginCalculatorService.java. Using fallback presentation compiler.
2026.06.05 22:34:39 WARN  no build target for: /Users/cccllc/Desktop/SE 350/FinanceHelper/src/main/java/com/financehelper/service/MarginCalculatorService.java
2026.06.05 22:34:39 INFO  no build target found for /Users/cccllc/Desktop/SE 350/FinanceHelper/src/main/java/com/financehelper/service/MarginCalculatorService.java. Using fallback presentation compiler.
2026.06.05 22:34:39 INFO  no build target found for /Users/cccllc/Desktop/SE 350/FinanceHelper/src/main/java/com/financehelper/service/MarginCalculatorService.java. Using fallback presentation compiler.
2026.06.05 22:34:39 INFO  no build target found for /Users/cccllc/Desktop/SE 350/FinanceHelper/src/main/java/com/financehelper/service/MarginCalculatorService.java. Using fallback presentation compiler.
2026.06.05 22:34:39 INFO  no build target found for /Users/cccllc/Desktop/SE 350/FinanceHelper/src/main/java/com/financehelper/service/MarginCalculatorService.java. Using fallback presentation compiler.
2026.06.05 22:34:39 INFO  no build target found for /Users/cccllc/Desktop/SE 350/FinanceHelper/src/main/java/com/financehelper/service/MarginCalculatorService.java. Using fallback presentation compiler.
2026.06.05 22:34:45 INFO  no build target found for /Users/cccllc/Desktop/SE 350/FinanceHelper/src/main/java/com/financehelper/service/MarginCalculatorService.java. Using fallback presentation compiler.
2026.06.05 22:34:45 INFO  no build target found for /Users/cccllc/Desktop/SE 350/FinanceHelper/src/main/java/com/financehelper/service/MarginCalculatorService.java. Using fallback presentation compiler.
2026.06.05 22:34:45 INFO  no build target found for /Users/cccllc/Desktop/SE 350/FinanceHelper/src/main/java/com/financehelper/service/MarginCalculatorService.java. Using fallback presentation compiler.
2026.06.05 22:34:45 INFO  no build target found for /Users/cccllc/Desktop/SE 350/FinanceHelper/src/main/java/com/financehelper/service/MarginCalculatorService.java. Using fallback presentation compiler.
2026.06.05 22:34:45 INFO  no build target found for /Users/cccllc/Desktop/SE 350/FinanceHelper/src/main/java/com/financehelper/service/MarginCalculatorService.java. Using fallback presentation compiler.
2026.06.05 22:34:46 INFO  no build target found for /Users/cccllc/Desktop/SE 350/FinanceHelper/src/main/java/com/financehelper/service/MarginCalculatorService.java. Using fallback presentation compiler.
2026.06.05 22:34:46 INFO  no build target found for /Users/cccllc/Desktop/SE 350/FinanceHelper/src/main/java/com/financehelper/service/MarginCalculatorService.java. Using fallback presentation compiler.
2026.06.05 22:34:46 INFO  no build target found for /Users/cccllc/Desktop/SE 350/FinanceHelper/src/main/java/com/financehelper/service/MarginCalculatorService.java. Using fallback presentation compiler.
2026.06.05 22:34:56 INFO  no build target found for /Users/cccllc/Desktop/SE 350/FinanceHelper/src/main/java/com/financehelper/observer/MarginObserver.java. Using fallback presentation compiler.
2026.06.05 22:34:56 WARN  no build target for: /Users/cccllc/Desktop/SE 350/FinanceHelper/src/main/java/com/financehelper/observer/MarginObserver.java
2026.06.05 22:34:56 INFO  no build target found for /Users/cccllc/Desktop/SE 350/FinanceHelper/src/main/java/com/financehelper/observer/MarginObserver.java. Using fallback presentation compiler.
2026.06.05 22:34:56 INFO  no build target found for /Users/cccllc/Desktop/SE 350/FinanceHelper/src/main/java/com/financehelper/observer/MarginObserver.java. Using fallback presentation compiler.
2026.06.05 22:34:56 INFO  no build target found for /Users/cccllc/Desktop/SE 350/FinanceHelper/src/main/java/com/financehelper/observer/MarginObserver.java. Using fallback presentation compiler.
2026.06.05 22:34:56 INFO  no build target found for /Users/cccllc/Desktop/SE 350/FinanceHelper/src/main/java/com/financehelper/observer/MarginObserver.java. Using fallback presentation compiler.
2026.06.05 22:34:59 INFO  no build target found for /Users/cccllc/Desktop/SE 350/FinanceHelper/src/main/java/com/financehelper/observer/MarginObserver.java. Using fallback presentation compiler.
2026.06.05 22:34:59 INFO  no build target found for /Users/cccllc/Desktop/SE 350/FinanceHelper/src/main/java/com/financehelper/observer/MarginObserver.java. Using fallback presentation compiler.
2026.06.05 22:34:59 INFO  no build target found for /Users/cccllc/Desktop/SE 350/FinanceHelper/src/main/java/com/financehelper/observer/MarginObserver.java. Using fallback presentation compiler.
2026.06.05 22:34:59 INFO  no build target found for /Users/cccllc/Desktop/SE 350/FinanceHelper/src/main/java/com/financehelper/observer/MarginObserver.java. Using fallback presentation compiler.
2026.06.05 22:34:59 INFO  no build target found for /Users/cccllc/Desktop/SE 350/FinanceHelper/src/main/java/com/financehelper/observer/MarginObserver.java. Using fallback presentation compiler.
2026.06.05 22:35:00 INFO  no build target found for /Users/cccllc/Desktop/SE 350/FinanceHelper/src/main/java/com/financehelper/observer/MarginObserver.java. Using fallback presentation compiler.
2026.06.05 22:35:00 INFO  no build target found for /Users/cccllc/Desktop/SE 350/FinanceHelper/src/main/java/com/financehelper/observer/MarginObserver.java. Using fallback presentation compiler.
2026.06.05 22:35:00 INFO  no build target found for /Users/cccllc/Desktop/SE 350/FinanceHelper/src/main/java/com/financehelper/observer/MarginObserver.java. Using fallback presentation compiler.
2026.06.05 22:35:00 INFO  no build target found for /Users/cccllc/Desktop/SE 350/FinanceHelper/src/main/java/com/financehelper/observer/MarginObserver.java. Using fallback presentation compiler.
2026.06.05 22:35:01 INFO  no build target found for /Users/cccllc/Desktop/SE 350/FinanceHelper/src/main/java/com/financehelper/observer/MarginObserver.java. Using fallback presentation compiler.
2026.06.05 22:35:01 INFO  no build target found for /Users/cccllc/Desktop/SE 350/FinanceHelper/src/main/java/com/financehelper/observer/MarginObserver.java. Using fallback presentation compiler.
2026.06.05 22:35:01 INFO  no build target found for /Users/cccllc/Desktop/SE 350/FinanceHelper/src/main/java/com/financehelper/observer/MarginObserver.java. Using fallback presentation compiler.
2026.06.05 22:35:01 INFO  no build target found for /Users/cccllc/Desktop/SE 350/FinanceHelper/src/main/java/com/financehelper/observer/MarginObserver.java. Using fallback presentation compiler.
2026.06.05 22:35:01 INFO  no build target found for /Users/cccllc/Desktop/SE 350/FinanceHelper/src/main/java/com/financehelper/observer/MarginObserver.java. Using fallback presentation compiler.
2026.06.05 22:35:01 INFO  no build target found for /Users/cccllc/Desktop/SE 350/FinanceHelper/src/main/java/com/financehelper/observer/MarginObserver.java. Using fallback presentation compiler.
2026.06.05 22:35:02 INFO  no build target found for /Users/cccllc/Desktop/SE 350/FinanceHelper/src/main/java/com/financehelper/observer/MarginObserver.java. Using fallback presentation compiler.
2026.06.05 22:35:01 INFO  no build target found for /Users/cccllc/Desktop/SE 350/FinanceHelper/src/main/java/com/financehelper/observer/MarginObserver.java. Using fallback presentation compiler.
2026.06.05 22:35:02 INFO  no build target found for /Users/cccllc/Desktop/SE 350/FinanceHelper/src/main/java/com/financehelper/observer/MarginObserver.java. Using fallback presentation compiler.
2026.06.05 22:35:02 INFO  no build target found for /Users/cccllc/Desktop/SE 350/FinanceHelper/src/main/java/com/financehelper/observer/MarginObserver.java. Using fallback presentation compiler.
2026.06.05 22:35:02 INFO  no build target found for /Users/cccllc/Desktop/SE 350/FinanceHelper/src/main/java/com/financehelper/observer/MarginObserver.java. Using fallback presentation compiler.
2026.06.05 22:35:02 INFO  no build target found for /Users/cccllc/Desktop/SE 350/FinanceHelper/src/main/java/com/financehelper/observer/MarginObserver.java. Using fallback presentation compiler.
2026.06.05 22:35:02 INFO  no build target found for /Users/cccllc/Desktop/SE 350/FinanceHelper/src/main/java/com/financehelper/observer/MarginObserver.java. Using fallback presentation compiler.
2026.06.05 22:35:02 INFO  no build target found for /Users/cccllc/Desktop/SE 350/FinanceHelper/src/main/java/com/financehelper/observer/MarginObserver.java. Using fallback presentation compiler.
2026.06.05 22:35:02 INFO  no build target found for /Users/cccllc/Desktop/SE 350/FinanceHelper/src/main/java/com/financehelper/observer/MarginObserver.java. Using fallback presentation compiler.
2026.06.05 22:35:02 INFO  no build target found for /Users/cccllc/Desktop/SE 350/FinanceHelper/src/main/java/com/financehelper/observer/MarginObserver.java. Using fallback presentation compiler.
2026.06.05 22:35:04 INFO  no build target found for /Users/cccllc/Desktop/SE 350/FinanceHelper/src/main/java/com/financehelper/observer/MarginObserver.java. Using fallback presentation compiler.
2026.06.05 22:35:04 INFO  no build target found for /Users/cccllc/Desktop/SE 350/FinanceHelper/src/main/java/com/financehelper/observer/MarginObserver.java. Using fallback presentation compiler.
2026.06.05 22:35:04 INFO  no build target found for /Users/cccllc/Desktop/SE 350/FinanceHelper/src/main/java/com/financehelper/observer/MarginObserver.java. Using fallback presentation compiler.
2026.06.05 22:35:04 INFO  no build target found for /Users/cccllc/Desktop/SE 350/FinanceHelper/src/main/java/com/financehelper/observer/MarginObserver.java. Using fallback presentation compiler.
2026.06.05 22:35:06 INFO  no build target found for /Users/cccllc/Desktop/SE 350/FinanceHelper/src/main/java/com/financehelper/observer/MarginObserver.java. Using fallback presentation compiler.
2026.06.05 22:35:06 INFO  no build target found for /Users/cccllc/Desktop/SE 350/FinanceHelper/src/main/java/com/financehelper/observer/MarginObserver.java. Using fallback presentation compiler.
2026.06.05 22:35:06 INFO  no build target found for /Users/cccllc/Desktop/SE 350/FinanceHelper/src/main/java/com/financehelper/observer/MarginObserver.java. Using fallback presentation compiler.
2026.06.05 22:35:06 INFO  no build target found for /Users/cccllc/Desktop/SE 350/FinanceHelper/src/main/java/com/financehelper/observer/MarginObserver.java. Using fallback presentation compiler.
2026.06.05 22:35:08 INFO  no build target found for /Users/cccllc/Desktop/SE 350/FinanceHelper/src/main/java/com/financehelper/observer/MarginObserver.java. Using fallback presentation compiler.
2026.06.05 22:35:08 INFO  no build target found for /Users/cccllc/Desktop/SE 350/FinanceHelper/src/main/java/com/financehelper/observer/MarginObserver.java. Using fallback presentation compiler.
2026.06.05 22:35:08 INFO  no build target found for /Users/cccllc/Desktop/SE 350/FinanceHelper/src/main/java/com/financehelper/observer/MarginObserver.java. Using fallback presentation compiler.
2026.06.05 22:35:08 INFO  no build target found for /Users/cccllc/Desktop/SE 350/FinanceHelper/src/main/java/com/financehelper/observer/MarginObserver.java. Using fallback presentation compiler.
2026.06.05 22:35:08 INFO  no build target found for /Users/cccllc/Desktop/SE 350/FinanceHelper/src/main/java/com/financehelper/observer/MarginObserver.java. Using fallback presentation compiler.
2026.06.05 22:35:08 INFO  no build target found for /Users/cccllc/Desktop/SE 350/FinanceHelper/src/main/java/com/financehelper/observer/MarginObserver.java. Using fallback presentation compiler.
2026.06.05 22:35:09 INFO  no build target found for /Users/cccllc/Desktop/SE 350/FinanceHelper/src/main/java/com/financehelper/observer/MarginObserver.java. Using fallback presentation compiler.
2026.06.05 22:35:08 INFO  no build target found for /Users/cccllc/Desktop/SE 350/FinanceHelper/src/main/java/com/financehelper/observer/MarginObserver.java. Using fallback presentation compiler.
2026.06.05 22:35:08 INFO  no build target found for /Users/cccllc/Desktop/SE 350/FinanceHelper/src/main/java/com/financehelper/observer/MarginObserver.java. Using fallback presentation compiler.
2026.06.05 22:35:09 INFO  no build target found for /Users/cccllc/Desktop/SE 350/FinanceHelper/src/main/java/com/financehelper/observer/MarginObserver.java. Using fallback presentation compiler.
2026.06.05 22:35:09 INFO  no build target found for /Users/cccllc/Desktop/SE 350/FinanceHelper/src/main/java/com/financehelper/observer/MarginObserver.java. Using fallback presentation compiler.
2026.06.05 22:35:09 INFO  no build target found for /Users/cccllc/Desktop/SE 350/FinanceHelper/src/main/java/com/financehelper/observer/MarginObserver.java. Using fallback presentation compiler.
2026.06.05 22:35:09 INFO  no build target found for /Users/cccllc/Desktop/SE 350/FinanceHelper/src/main/java/com/financehelper/observer/MarginObserver.java. Using fallback presentation compiler.
2026.06.05 22:35:09 INFO  no build target found for /Users/cccllc/Desktop/SE 350/FinanceHelper/src/main/java/com/financehelper/observer/MarginObserver.java. Using fallback presentation compiler.
2026.06.05 22:35:09 INFO  no build target found for /Users/cccllc/Desktop/SE 350/FinanceHelper/src/main/java/com/financehelper/observer/MarginObserver.java. Using fallback presentation compiler.
2026.06.05 22:35:09 INFO  no build target found for /Users/cccllc/Desktop/SE 350/FinanceHelper/src/main/java/com/financehelper/observer/MarginObserver.java. Using fallback presentation compiler.
2026.06.05 22:35:10 INFO  no build target found for /Users/cccllc/Desktop/SE 350/FinanceHelper/src/main/java/com/financehelper/observer/MarginObserver.java. Using fallback presentation compiler.
2026.06.05 22:35:10 INFO  no build target found for /Users/cccllc/Desktop/SE 350/FinanceHelper/src/main/java/com/financehelper/observer/MarginObserver.java. Using fallback presentation compiler.
2026.06.05 22:35:10 INFO  no build target found for /Users/cccllc/Desktop/SE 350/FinanceHelper/src/main/java/com/financehelper/observer/MarginObserver.java. Using fallback presentation compiler.
2026.06.05 22:35:15 INFO  no build target found for /Users/cccllc/Desktop/SE 350/FinanceHelper/src/main/java/com/financehelper/observer/SummaryObserver.java. Using fallback presentation compiler.
2026.06.05 22:35:15 INFO  no build target found for /Users/cccllc/Desktop/SE 350/FinanceHelper/src/main/java/com/financehelper/observer/SummaryObserver.java. Using fallback presentation compiler.
2026.06.05 22:35:15 INFO  no build target found for /Users/cccllc/Desktop/SE 350/FinanceHelper/src/main/java/com/financehelper/observer/SummaryObserver.java. Using fallback presentation compiler.
2026.06.05 22:35:16 INFO  no build target found for /Users/cccllc/Desktop/SE 350/FinanceHelper/src/main/java/com/financehelper/service/MarginCalculatorService.java. Using fallback presentation compiler.
2026.06.05 22:35:16 WARN  no build target for: /Users/cccllc/Desktop/SE 350/FinanceHelper/src/main/java/com/financehelper/service/MarginCalculatorService.java
2026.06.05 22:35:16 INFO  no build target found for /Users/cccllc/Desktop/SE 350/FinanceHelper/src/main/java/com/financehelper/service/MarginCalculatorService.java. Using fallback presentation compiler.
2026.06.05 22:35:16 INFO  no build target found for /Users/cccllc/Desktop/SE 350/FinanceHelper/src/main/java/com/financehelper/service/MarginCalculatorService.java. Using fallback presentation compiler.
2026.06.05 22:35:16 INFO  no build target found for /Users/cccllc/Desktop/SE 350/FinanceHelper/src/main/java/com/financehelper/service/MarginCalculatorService.java. Using fallback presentation compiler.
2026.06.05 22:35:16 INFO  no build target found for /Users/cccllc/Desktop/SE 350/FinanceHelper/src/main/java/com/financehelper/service/MarginCalculatorService.java. Using fallback presentation compiler.
2026.06.05 22:35:18 INFO  no build target found for /Users/cccllc/Desktop/SE 350/FinanceHelper/src/main/java/com/financehelper/observer/SummaryObserver.java. Using fallback presentation compiler.
2026.06.05 22:35:18 INFO  no build target found for /Users/cccllc/Desktop/SE 350/FinanceHelper/src/main/java/com/financehelper/model/Expense.java. Using fallback presentation compiler.
2026.06.05 22:35:18 INFO  no build target found for /Users/cccllc/Desktop/SE 350/FinanceHelper/src/main/java/com/financehelper/model/Expense.java. Using fallback presentation compiler.
2026.06.05 22:35:18 INFO  no build target found for /Users/cccllc/Desktop/SE 350/FinanceHelper/src/main/java/com/financehelper/model/Expense.java. Using fallback presentation compiler.
2026.06.05 22:35:18 INFO  no build target found for /Users/cccllc/Desktop/SE 350/FinanceHelper/src/main/java/com/financehelper/model/Expense.java. Using fallback presentation compiler.
2026.06.05 22:35:20 INFO  no build target found for /Users/cccllc/Desktop/SE 350/FinanceHelper/src/main/java/com/financehelper/model/MarginResult.java. Using fallback presentation compiler.
2026.06.05 22:35:20 WARN  no build target for: /Users/cccllc/Desktop/SE 350/FinanceHelper/src/main/java/com/financehelper/model/MarginResult.java
2026.06.05 22:35:20 INFO  no build target found for /Users/cccllc/Desktop/SE 350/FinanceHelper/src/main/java/com/financehelper/model/MarginResult.java. Using fallback presentation compiler.
2026.06.05 22:35:20 INFO  no build target found for /Users/cccllc/Desktop/SE 350/FinanceHelper/src/main/java/com/financehelper/model/MarginResult.java. Using fallback presentation compiler.
2026.06.05 22:35:20 INFO  no build target found for /Users/cccllc/Desktop/SE 350/FinanceHelper/src/main/java/com/financehelper/model/MarginResult.java. Using fallback presentation compiler.
2026.06.05 22:37:10 INFO  no build target found for /Users/cccllc/Desktop/SE 350/FinanceHelper/src/main/java/com/financehelper/ui/ConsoleUI.java. Using fallback presentation compiler.
2026.06.05 22:37:10 INFO  no build target found for /Users/cccllc/Desktop/SE 350/FinanceHelper/src/main/java/com/financehelper/ui/ConsoleUI.java. Using fallback presentation compiler.
2026.06.05 22:37:10 INFO  no build target found for /Users/cccllc/Desktop/SE 350/FinanceHelper/src/main/java/com/financehelper/ui/ConsoleUI.java. Using fallback presentation compiler.
2026.06.05 22:37:10 INFO  no build target found for /Users/cccllc/Desktop/SE 350/FinanceHelper/src/main/java/com/financehelper/ui/ConsoleUI.java. Using fallback presentation compiler.
2026.06.05 22:37:12 INFO  no build target found for /Users/cccllc/Desktop/SE 350/FinanceHelper/src/main/java/com/financehelper/ui/ConsoleUI.java. Using fallback presentation compiler.
2026.06.05 22:37:20 INFO  no build target found for /Users/cccllc/Desktop/SE 350/FinanceHelper/src/main/java/com/financehelper/ui/ConsoleUI.java. Using fallback presentation compiler.
2026.06.05 22:37:20 INFO  no build target found for /Users/cccllc/Desktop/SE 350/FinanceHelper/src/main/java/com/financehelper/ui/ConsoleUI.java. Using fallback presentation compiler.
2026.06.05 22:43:24 WARN  no build target for: /Users/cccllc/Desktop/SE 350/FinanceHelper/src/main/java/com/financehelper/ui/ConsoleUI.java
2026.06.05 22:43:24 INFO  no build target found for /Users/cccllc/Desktop/SE 350/FinanceHelper/src/main/java/com/financehelper/ui/ConsoleUI.java. Using fallback presentation compiler.
2026.06.05 22:43:24 WARN  Running javac-semanticdb failed for file:///Users/cccllc/Desktop/SE%20350/FinanceHelper/src/main/java/com/financehelper/ui/ConsoleUI.java. Output:

2026.06.05 22:43:56 INFO  Shutting down server
2026.06.05 22:43:56 INFO  Memory monitor stopped
2026.06.05 22:43:56 INFO  shutting down Metals
2026.06.05 22:43:56 INFO  Exiting server
2026.06.05 22:43:56 ERROR Unexpected error initializing server: 
org.eclipse.lsp4j.jsonrpc.ResponseErrorException: Request window/showMessageRequest failed with message: Canceled
	at org.eclipse.lsp4j.jsonrpc.RemoteEndpoint.handleResponse(RemoteEndpoint.java:214)
	at org.eclipse.lsp4j.jsonrpc.RemoteEndpoint.consume(RemoteEndpoint.java:198)
	at org.eclipse.lsp4j.jsonrpc.json.StreamMessageProducer.handleMessage(StreamMessageProducer.java:189)
	at org.eclipse.lsp4j.jsonrpc.json.StreamMessageProducer.listen(StreamMessageProducer.java:97)
	at org.eclipse.lsp4j.jsonrpc.json.ConcurrentMessageProcessor.run(ConcurrentMessageProcessor.java:97)
	at java.util.concurrent.Executors$RunnableAdapter.call(Executors.java:545)
	at java.util.concurrent.FutureTask.run(FutureTask.java:328)
	at java.util.concurrent.ThreadPoolExecutor.runWorker(ThreadPoolExecutor.java:1095)
	at java.util.concurrent.ThreadPoolExecutor$Worker.run(ThreadPoolExecutor.java:619)
	at java.lang.Thread.run(Thread.java:1447)

2026.06.06 12:05:11 INFO  Started: Metals version 1.6.7 in folders '/Users/cccllc/Desktop/SE 350/FinanceHelper' for client Visual Studio Code 1.123.0.
2026.06.06 12:05:11 INFO  Memory monitor started
2026.06.06 12:05:11 WARN  Using H2 2.4.240 which is newer than the version Flyway has been verified with. The latest verified version of H2 is 2.3.232.
2026.06.06 12:05:11 INFO  no build target found for /Users/cccllc/Desktop/SE 350/FinanceHelper/src/main/java/com/financehelper/ui/ConsoleUI.java. Using fallback presentation compiler.
2026.06.06 12:05:11 INFO  no build target found for /Users/cccllc/Desktop/SE 350/FinanceHelper/src/main/java/com/financehelper/ui/ConsoleUI.java. Using fallback presentation compiler.
2026.06.06 12:05:13 INFO  no build target found for /Users/cccllc/Desktop/SE 350/FinanceHelper/src/main/java/com/financehelper/ui/ConsoleUI.java. Using fallback presentation compiler.
Jun 06, 2026 12:05:13 PM org.eclipse.lsp4j.jsonrpc.RemoteEndpoint handleCancellation
WARNING: Unmatched cancel notification for request id 8
2026.06.06 12:05:13 INFO  no build target found for /Users/cccllc/Desktop/SE 350/FinanceHelper/src/main/java/com/financehelper/ui/ConsoleUI.java. Using fallback presentation compiler.
2026.06.06 12:05:13 INFO  no build target found for /Users/cccllc/Desktop/SE 350/FinanceHelper/src/main/java/com/financehelper/ui/ConsoleUI.java. Using fallback presentation compiler.
2026.06.06 12:05:13 INFO  no build target found for /Users/cccllc/Desktop/SE 350/FinanceHelper/src/main/java/com/financehelper/ui/ConsoleUI.java. Using fallback presentation compiler.
2026.06.06 12:05:13 INFO  no build target found for /Users/cccllc/Desktop/SE 350/FinanceHelper/src/main/java/com/financehelper/ui/ConsoleUI.java. Using fallback presentation compiler.
2026.06.06 12:05:13 INFO  no build target found for /Users/cccllc/Desktop/SE 350/FinanceHelper/src/main/java/com/financehelper/ui/ConsoleUI.java. Using fallback presentation compiler.
2026.06.06 12:05:14 INFO  no build target found for /Users/cccllc/Desktop/SE 350/FinanceHelper/src/main/java/com/financehelper/ui/ConsoleUI.java. Using fallback presentation compiler.
2026.06.06 12:05:19 INFO  no build target found for /Users/cccllc/Desktop/SE 350/FinanceHelper/src/main/java/com/financehelper/ui/ConsoleUI.java. Using fallback presentation compiler.
2026.06.06 12:05:19 INFO  no build target found for /Users/cccllc/Desktop/SE 350/FinanceHelper/src/main/java/com/financehelper/ui/ConsoleUI.java. Using fallback presentation compiler.
2026.06.06 12:05:19 INFO  no build target found for /Users/cccllc/Desktop/SE 350/FinanceHelper/src/main/java/com/financehelper/ui/ConsoleUI.java. Using fallback presentation compiler.
Jun 06, 2026 12:05:19 PM org.eclipse.lsp4j.jsonrpc.RemoteEndpoint handleCancellation
WARNING: Unmatched cancel notification for request id 21
2026.06.06 12:06:02 INFO  no build target found for /Users/cccllc/Desktop/SE 350/FinanceHelper/src/main/java/com/financehelper/model/MarginResult.java. Using fallback presentation compiler.
2026.06.06 12:06:02 INFO  no build target found for /Users/cccllc/Desktop/SE 350/FinanceHelper/src/main/java/com/financehelper/model/MarginResult.java. Using fallback presentation compiler.
2026.06.06 12:06:03 INFO  no build target found for /Users/cccllc/Desktop/SE 350/FinanceHelper/src/main/java/com/financehelper/model/MarginResult.java. Using fallback presentation compiler.
2026.06.06 12:06:09 INFO  no build target found for /Users/cccllc/Desktop/SE 350/FinanceHelper/src/main/java/com/financehelper/factory/ExpenseFactory.java. Using fallback presentation compiler.
2026.06.06 12:06:09 INFO  no build target found for /Users/cccllc/Desktop/SE 350/FinanceHelper/src/main/java/com/financehelper/factory/ExpenseFactory.java. Using fallback presentation compiler.
2026.06.06 12:06:09 INFO  no build target found for /Users/cccllc/Desktop/SE 350/FinanceHelper/src/main/java/com/financehelper/factory/ExpenseFactory.java. Using fallback presentation compiler.
2026.06.06 12:06:09 INFO  no build target found for /Users/cccllc/Desktop/SE 350/FinanceHelper/src/main/java/com/financehelper/factory/ExpenseFactory.java. Using fallback presentation compiler.
2026.06.06 12:06:18 INFO  no build target found for /Users/cccllc/Desktop/SE 350/FinanceHelper/src/main/java/com/financehelper/service/MarginCalculatorService.java. Using fallback presentation compiler.
2026.06.06 12:06:18 INFO  no build target found for /Users/cccllc/Desktop/SE 350/FinanceHelper/src/main/java/com/financehelper/service/MarginCalculatorService.java. Using fallback presentation compiler.
2026.06.06 12:06:21 INFO  no build target found for /Users/cccllc/Desktop/SE 350/FinanceHelper/src/main/java/com/financehelper/service/MarginCalculatorService.java. Using fallback presentation compiler.
2026.06.06 12:06:30 INFO  no build target found for /Users/cccllc/Desktop/SE 350/FinanceHelper/src/main/java/com/financehelper/service/MarginCalculatorService.java. Using fallback presentation compiler.
2026.06.06 12:06:30 INFO  no build target found for /Users/cccllc/Desktop/SE 350/FinanceHelper/src/main/java/com/financehelper/service/MarginCalculatorService.java. Using fallback presentation compiler.
2026.06.06 12:21:07 INFO  no build target found for /Users/cccllc/Desktop/SE 350/FinanceHelper/src/main/java/com/financehelper/service/MarginCalculatorService.java. Using fallback presentation compiler.
2026.06.06 21:40:42 INFO  Shutting down server
2026.06.06 21:40:42 INFO  Memory monitor stopped
2026.06.06 21:40:42 INFO  shutting down Metals
2026.06.06 21:40:42 INFO  Exiting server
2026.06.06 21:40:42 ERROR Unexpected error initializing server: 
org.eclipse.lsp4j.jsonrpc.ResponseErrorException: Request window/showMessageRequest failed with message: Canceled
	at org.eclipse.lsp4j.jsonrpc.RemoteEndpoint.handleResponse(RemoteEndpoint.java:214)
	at org.eclipse.lsp4j.jsonrpc.RemoteEndpoint.consume(RemoteEndpoint.java:198)
	at org.eclipse.lsp4j.jsonrpc.json.StreamMessageProducer.handleMessage(StreamMessageProducer.java:189)
	at org.eclipse.lsp4j.jsonrpc.json.StreamMessageProducer.listen(StreamMessageProducer.java:97)
	at org.eclipse.lsp4j.jsonrpc.json.ConcurrentMessageProcessor.run(ConcurrentMessageProcessor.java:97)
	at java.util.concurrent.Executors$RunnableAdapter.call(Executors.java:545)
	at java.util.concurrent.FutureTask.run(FutureTask.java:328)
	at java.util.concurrent.ThreadPoolExecutor.runWorker(ThreadPoolExecutor.java:1095)
	at java.util.concurrent.ThreadPoolExecutor$Worker.run(ThreadPoolExecutor.java:619)
	at java.lang.Thread.run(Thread.java:1447)

2026.06.08 21:45:42 INFO  Started: Metals version 1.6.7 in folders '/Users/cccllc/Desktop/SE 350/FinanceHelper' for client Visual Studio Code 1.123.0.
2026.06.08 21:45:42 INFO  Memory monitor started
2026.06.08 21:45:42 WARN  Using H2 2.4.240 which is newer than the version Flyway has been verified with. The latest verified version of H2 is 2.3.232.
2026.06.08 21:45:47 INFO  no build target found for /Users/cccllc/Desktop/SE 350/FinanceHelper/src/main/java/com/financehelper/service/MarginCalculatorService.java. Using fallback presentation compiler.
2026.06.08 21:46:00 INFO  no build target found for /Users/cccllc/Desktop/SE 350/FinanceHelper/src/main/java/com/financehelper/service/MarginCalculatorService.java. Using fallback presentation compiler.
2026.06.08 21:46:03 INFO  no build target found for /Users/cccllc/Desktop/SE 350/FinanceHelper/src/main/java/com/financehelper/service/MarginCalculatorService.java. Using fallback presentation compiler.
2026.06.08 21:46:23 INFO  no build target found for /Users/cccllc/Desktop/SE 350/FinanceHelper/src/main/java/com/financehelper/service/MarginCalculatorService.java. Using fallback presentation compiler.
2026.06.08 21:46:23 INFO  no build target found for /Users/cccllc/Desktop/SE 350/FinanceHelper/src/main/java/com/financehelper/service/MarginCalculatorService.java. Using fallback presentation compiler.
2026.06.08 21:46:33 INFO  no build target found for /Users/cccllc/Desktop/SE 350/FinanceHelper/src/main/java/com/financehelper/repository/ReportRepository.java. Using fallback presentation compiler.
2026.06.08 21:46:33 INFO  no build target found for /Users/cccllc/Desktop/SE 350/FinanceHelper/src/main/java/com/financehelper/repository/ReportRepository.java. Using fallback presentation compiler.
Jun 08, 2026 9:46:33 PM org.eclipse.lsp4j.jsonrpc.RemoteEndpoint handleCancellation
WARNING: Unmatched cancel notification for request id 14
2026.06.08 21:46:33 INFO  no build target found for /Users/cccllc/Desktop/SE 350/FinanceHelper/src/main/java/com/financehelper/repository/ReportRepository.java. Using fallback presentation compiler.
2026.06.08 21:46:41 INFO  no build target found for /Users/cccllc/Desktop/SE 350/FinanceHelper/src/main/java/com/financehelper/repository/ReportRepository.java. Using fallback presentation compiler.
2026.06.08 21:46:41 INFO  no build target found for /Users/cccllc/Desktop/SE 350/FinanceHelper/src/main/java/com/financehelper/Main.java. Using fallback presentation compiler.
2026.06.08 21:46:41 INFO  no build target found for /Users/cccllc/Desktop/SE 350/FinanceHelper/src/main/java/com/financehelper/Main.java. Using fallback presentation compiler.
2026.06.08 21:46:51 WARN  no build target for: /Users/cccllc/Desktop/SE 350/FinanceHelper/src/main/java/com/financehelper/Main.java
2026.06.08 21:46:51 INFO  no build target found for /Users/cccllc/Desktop/SE 350/FinanceHelper/src/main/java/com/financehelper/Main.java. Using fallback presentation compiler.
2026.06.08 21:46:51 WARN  Running javac-semanticdb failed for file:///Users/cccllc/Desktop/SE%20350/FinanceHelper/src/main/java/com/financehelper/Main.java. Output:

2026.06.08 21:48:43 INFO  no build target found for /Users/cccllc/Desktop/SE 350/FinanceHelper/src/main/java/com/financehelper/ui/ConsoleUI.java. Using fallback presentation compiler.
Jun 08, 2026 9:48:43 PM org.eclipse.lsp4j.jsonrpc.RemoteEndpoint handleCancellation
WARNING: Unmatched cancel notification for request id 32
2026.06.08 21:48:43 INFO  no build target found for /Users/cccllc/Desktop/SE 350/FinanceHelper/src/main/java/com/financehelper/ui/ConsoleUI.java. Using fallback presentation compiler.
2026.06.08 21:48:43 INFO  no build target found for /Users/cccllc/Desktop/SE 350/FinanceHelper/src/main/java/com/financehelper/ui/ConsoleUI.java. Using fallback presentation compiler.
2026.06.08 21:48:43 INFO  no build target found for /Users/cccllc/Desktop/SE 350/FinanceHelper/src/main/java/com/financehelper/ui/ConsoleUI.java. Using fallback presentation compiler.
2026.06.08 21:48:44 INFO  no build target found for /Users/cccllc/Desktop/SE 350/FinanceHelper/src/main/java/com/financehelper/ui/ConsoleUI.java. Using fallback presentation compiler.
2026.06.08 21:48:55 INFO  no build target found for /Users/cccllc/Desktop/SE 350/FinanceHelper/src/main/java/com/financehelper/ui/ConsoleUI.java. Using fallback presentation compiler.
2026.06.08 21:48:55 INFO  no build target found for /Users/cccllc/Desktop/SE 350/FinanceHelper/src/main/java/com/financehelper/template/ConsoleReportGenerator.java. Using fallback presentation compiler.
2026.06.08 21:48:56 INFO  no build target found for /Users/cccllc/Desktop/SE 350/FinanceHelper/src/main/java/com/financehelper/template/ConsoleReportGenerator.java. Using fallback presentation compiler.
2026.06.08 21:48:55 INFO  no build target found for /Users/cccllc/Desktop/SE 350/FinanceHelper/src/main/java/com/financehelper/template/ConsoleReportGenerator.java. Using fallback presentation compiler.
2026.06.08 21:49:29 INFO  no build target found for /Users/cccllc/Desktop/SE 350/FinanceHelper/src/main/java/com/financehelper/Main.java. Using fallback presentation compiler.
2026.06.08 21:49:29 WARN  no build target for: /Users/cccllc/Desktop/SE 350/FinanceHelper/src/main/java/com/financehelper/Main.java
2026.06.08 21:49:29 INFO  no build target found for /Users/cccllc/Desktop/SE 350/FinanceHelper/src/main/java/com/financehelper/Main.java. Using fallback presentation compiler.
2026.06.08 21:49:29 INFO  no build target found for /Users/cccllc/Desktop/SE 350/FinanceHelper/src/main/java/com/financehelper/Main.java. Using fallback presentation compiler.
2026.06.08 21:49:41 INFO  no build target found for /Users/cccllc/Desktop/SE 350/FinanceHelper/src/main/java/com/financehelper/Main.java. Using fallback presentation compiler.
2026.06.08 21:49:42 INFO  no build target found for /Users/cccllc/Desktop/SE 350/FinanceHelper/src/main/java/com/financehelper/Main.java. Using fallback presentation compiler.
2026.06.08 21:49:42 INFO  no build target found for /Users/cccllc/Desktop/SE 350/FinanceHelper/src/main/java/com/financehelper/Main.java. Using fallback presentation compiler.
2026.06.08 21:49:42 INFO  no build target found for /Users/cccllc/Desktop/SE 350/FinanceHelper/src/main/java/com/financehelper/Main.java. Using fallback presentation compiler.
2026.06.08 21:49:51 INFO  no build target found for /Users/cccllc/Desktop/SE 350/FinanceHelper/src/main/java/com/financehelper/template/ConsoleReportGenerator.java. Using fallback presentation compiler.
2026.06.08 21:49:51 INFO  no build target found for /Users/cccllc/Desktop/SE 350/FinanceHelper/src/main/java/com/financehelper/service/MarginCalculatorService.java. Using fallback presentation compiler.
2026.06.08 21:49:51 INFO  no build target found for /Users/cccllc/Desktop/SE 350/FinanceHelper/src/main/java/com/financehelper/service/MarginCalculatorService.java. Using fallback presentation compiler.
2026.06.08 21:49:56 INFO  no build target found for /Users/cccllc/Desktop/SE 350/FinanceHelper/src/main/java/com/financehelper/service/MarginCalculatorService.java. Using fallback presentation compiler.
2026.06.08 21:49:56 INFO  no build target found for /Users/cccllc/Desktop/SE 350/FinanceHelper/src/main/java/com/financehelper/service/MarginCalculatorService.java. Using fallback presentation compiler.
2026.06.08 21:49:56 INFO  no build target found for /Users/cccllc/Desktop/SE 350/FinanceHelper/src/main/java/com/financehelper/service/MarginCalculatorService.java. Using fallback presentation compiler.
2026.06.08 21:49:58 INFO  no build target found for /Users/cccllc/Desktop/SE 350/FinanceHelper/src/main/java/com/financehelper/service/MarginCalculatorService.java. Using fallback presentation compiler.
2026.06.08 21:49:59 INFO  no build target found for /Users/cccllc/Desktop/SE 350/FinanceHelper/src/main/java/com/financehelper/service/MarginCalculatorService.java. Using fallback presentation compiler.
2026.06.08 21:49:59 INFO  no build target found for /Users/cccllc/Desktop/SE 350/FinanceHelper/src/main/java/com/financehelper/service/MarginCalculatorService.java. Using fallback presentation compiler.
2026.06.08 21:50:04 INFO  no build target found for /Users/cccllc/Desktop/SE 350/FinanceHelper/src/main/java/com/financehelper/service/MarginCalculatorService.java. Using fallback presentation compiler.
2026.06.08 21:50:28 INFO  no build target found for /Users/cccllc/Desktop/SE 350/FinanceHelper/src/main/java/com/financehelper/service/MarginCalculatorService.java. Using fallback presentation compiler.
2026.06.08 21:50:28 INFO  no build target found for /Users/cccllc/Desktop/SE 350/FinanceHelper/src/main/java/com/financehelper/strategy/SavingsGoalMarginStrategy.java. Using fallback presentation compiler.
2026.06.08 21:50:28 INFO  no build target found for /Users/cccllc/Desktop/SE 350/FinanceHelper/src/main/java/com/financehelper/strategy/SavingsGoalMarginStrategy.java. Using fallback presentation compiler.
2026.06.08 21:50:28 INFO  no build target found for /Users/cccllc/Desktop/SE 350/FinanceHelper/src/main/java/com/financehelper/strategy/SavingsGoalMarginStrategy.java. Using fallback presentation compiler.
2026.06.08 21:50:32 INFO  no build target found for /Users/cccllc/Desktop/SE 350/FinanceHelper/src/main/java/com/financehelper/strategy/SavingsGoalMarginStrategy.java. Using fallback presentation compiler.
2026.06.08 21:50:32 INFO  no build target found for /Users/cccllc/Desktop/SE 350/FinanceHelper/src/main/java/com/financehelper/strategy/StandardMarginStrategy.java. Using fallback presentation compiler.
2026.06.08 21:50:32 INFO  no build target found for /Users/cccllc/Desktop/SE 350/FinanceHelper/src/main/java/com/financehelper/strategy/StandardMarginStrategy.java. Using fallback presentation compiler.
2026.06.08 21:50:32 INFO  no build target found for /Users/cccllc/Desktop/SE 350/FinanceHelper/src/main/java/com/financehelper/strategy/StandardMarginStrategy.java. Using fallback presentation compiler.
2026.06.08 21:50:34 INFO  no build target found for /Users/cccllc/Desktop/SE 350/FinanceHelper/src/main/java/com/financehelper/strategy/StandardMarginStrategy.java. Using fallback presentation compiler.
2026.06.08 21:50:34 INFO  no build target found for /Users/cccllc/Desktop/SE 350/FinanceHelper/src/main/java/com/financehelper/strategy/TaxAdjustedMarginStrategy.java. Using fallback presentation compiler.
2026.06.08 21:50:34 INFO  no build target found for /Users/cccllc/Desktop/SE 350/FinanceHelper/src/main/java/com/financehelper/strategy/TaxAdjustedMarginStrategy.java. Using fallback presentation compiler.
2026.06.08 21:50:34 INFO  no build target found for /Users/cccllc/Desktop/SE 350/FinanceHelper/src/main/java/com/financehelper/strategy/TaxAdjustedMarginStrategy.java. Using fallback presentation compiler.
Jun 08, 2026 9:50:49 PM org.eclipse.lsp4j.jsonrpc.services.GenericEndpoint notify
INFO: Unsupported notification method: $/setTrace
2026.06.08 21:50:50 INFO  no build target found for /Users/cccllc/Desktop/SE 350/FinanceHelper/src/main/java/com/financehelper/strategy/TaxAdjustedMarginStrategy.java. Using fallback presentation compiler.
2026.06.08 21:50:50 INFO  no build target found for /Users/cccllc/Desktop/SE 350/FinanceHelper/src/main/java/com/financehelper/strategy/TaxAdjustedMarginStrategy.java. Using fallback presentation compiler.
2026.06.08 21:50:50 INFO  no build target found for /Users/cccllc/Desktop/SE 350/FinanceHelper/src/main/java/com/financehelper/strategy/TaxAdjustedMarginStrategy.java. Using fallback presentation compiler.
2026.06.08 21:50:50 INFO  no build target found for /Users/cccllc/Desktop/SE 350/FinanceHelper/src/main/java/com/financehelper/strategy/TaxAdjustedMarginStrategy.java. Using fallback presentation compiler.
Jun 08, 2026 9:50:50 PM org.eclipse.lsp4j.jsonrpc.RemoteEndpoint handleCancellation
WARNING: Unmatched cancel notification for request id 381
Jun 08, 2026 9:50:50 PM org.eclipse.lsp4j.jsonrpc.RemoteEndpoint handleCancellation
WARNING: Unmatched cancel notification for request id 382
Jun 08, 2026 9:50:50 PM org.eclipse.lsp4j.jsonrpc.RemoteEndpoint handleCancellation
WARNING: Unmatched cancel notification for request id 383
Jun 08, 2026 9:50:53 PM org.eclipse.lsp4j.jsonrpc.services.GenericEndpoint notify
INFO: Unsupported notification method: $/setTrace
2026.06.08 21:50:54 INFO  no build target found for /Users/cccllc/Desktop/SE 350/FinanceHelper/src/main/java/com/financehelper/strategy/TaxAdjustedMarginStrategy.java. Using fallback presentation compiler.
2026.06.08 21:51:25 INFO  no build target found for /Users/cccllc/Desktop/SE 350/FinanceHelper/src/main/java/com/financehelper/strategy/TaxAdjustedMarginStrategy.java. Using fallback presentation compiler.
2026.06.08 21:51:25 INFO  no build target found for /Users/cccllc/Desktop/SE 350/FinanceHelper/src/main/java/com/financehelper/strategy/TaxAdjustedMarginStrategy.java. Using fallback presentation compiler.
2026.06.08 21:51:25 INFO  no build target found for /Users/cccllc/Desktop/SE 350/FinanceHelper/src/main/java/com/financehelper/strategy/TaxAdjustedMarginStrategy.java. Using fallback presentation compiler.
2026.06.08 21:51:25 INFO  no build target found for /Users/cccllc/Desktop/SE 350/FinanceHelper/src/main/java/com/financehelper/strategy/TaxAdjustedMarginStrategy.java. Using fallback presentation compiler.
Jun 08, 2026 9:51:26 PM org.eclipse.lsp4j.jsonrpc.RemoteEndpoint handleCancellation
WARNING: Unmatched cancel notification for request id 388
Jun 08, 2026 9:51:26 PM org.eclipse.lsp4j.jsonrpc.RemoteEndpoint handleCancellation
WARNING: Unmatched cancel notification for request id 389
2026.06.08 21:51:27 INFO  no build target found for /Users/cccllc/Desktop/SE 350/FinanceHelper/src/main/java/com/financehelper/strategy/TaxAdjustedMarginStrategy.java. Using fallback presentation compiler.
2026.06.08 21:51:27 INFO  no build target found for /Users/cccllc/Desktop/SE 350/FinanceHelper/src/main/java/com/financehelper/strategy/TaxAdjustedMarginStrategy.java. Using fallback presentation compiler.
2026.06.08 21:52:42 WARN  Running javac-semanticdb failed for file:///Users/cccllc/Desktop/SE%20350/FinanceHelper/src/main/java/com/financehelper/command/DeleteReportCommand.java. Output:

2026.06.08 21:52:42 INFO  no build target found for /Users/cccllc/Desktop/SE 350/FinanceHelper/src/main/java/com/financehelper/command/DeleteReportCommand.java. Using fallback presentation compiler.
2026.06.08 21:52:42 INFO  Created report: Optional[file:///Users/cccllc/Desktop/SE%20350/FinanceHelper/src/main/java/com/financehelper/command/DeleteReportCommand.java]
2026.06.08 21:52:42 INFO  empty definition using pc, found symbol in pc: com/financehelper/repository/ReportRepository# (full report at: "/Users/cccllc/Desktop/SE 350/FinanceHelper/.metals/.reports/metals-full/2026-06-08/r_empty-definition_21-52-42-201.md")
2026.06.08 21:52:42 WARN  Running javac-semanticdb failed for file:///Users/cccllc/Desktop/SE%20350/FinanceHelper/src/main/java/com/financehelper/ui/ConsoleUI.java. Output:

2026.06.08 21:52:42 INFO  no build target found for /Users/cccllc/Desktop/SE 350/FinanceHelper/src/main/java/com/financehelper/ui/ConsoleUI.java. Using fallback presentation compiler.
2026.06.08 21:52:42 INFO  no build target found for /Users/cccllc/Desktop/SE 350/FinanceHelper/src/main/java/com/financehelper/command/DeleteReportCommand.java. Using fallback presentation compiler.
2026.06.08 21:52:42 INFO  empty definition using pc, found symbol in pc: com/financehelper/repository/ReportRepository# (full report at: "/Users/cccllc/Desktop/SE 350/FinanceHelper/.metals/.reports/metals-full/2026-06-08/r_empty-definition_21-52-42-201.md")
2026.06.08 21:52:42 INFO  no build target found for /Users/cccllc/Desktop/SE 350/FinanceHelper/src/main/java/com/financehelper/command/DeleteReportCommand.java. Using fallback presentation compiler.
2026.06.08 21:52:42 INFO  empty definition using pc, found symbol in pc: com/financehelper/repository/ReportRepository# (full report at: "/Users/cccllc/Desktop/SE 350/FinanceHelper/.metals/.reports/metals-full/2026-06-08/r_empty-definition_21-52-42-201.md")
2026.06.08 21:53:02 INFO  no build target found for /Users/cccllc/Desktop/SE 350/FinanceHelper/src/main/java/com/financehelper/command/DeleteReportCommand.java. Using fallback presentation compiler.
2026.06.08 21:53:02 INFO  empty definition using pc, found symbol in pc: com/financehelper/repository/ReportRepository# (full report at: "/Users/cccllc/Desktop/SE 350/FinanceHelper/.metals/.reports/metals-full/2026-06-08/r_empty-definition_21-52-42-201.md")
2026.06.08 21:53:34 INFO  no build target found for /Users/cccllc/Desktop/SE 350/FinanceHelper/src/main/java/com/financehelper/command/DeleteReportCommand.java. Using fallback presentation compiler.
2026.06.08 21:53:34 INFO  empty definition using pc, found symbol in pc: com/financehelper/repository/ReportRepository# (full report at: "/Users/cccllc/Desktop/SE 350/FinanceHelper/.metals/.reports/metals-full/2026-06-08/r_empty-definition_21-52-42-201.md")
2026.06.08 21:53:36 INFO  no build target found for /Users/cccllc/Desktop/SE 350/FinanceHelper/src/main/java/com/financehelper/strategy/TaxAdjustedMarginStrategy.java. Using fallback presentation compiler.
2026.06.08 21:53:49 INFO  no build target found for /Users/cccllc/Desktop/SE 350/FinanceHelper/src/main/java/com/financehelper/repository/ReportRepository.java. Using fallback presentation compiler.
2026.06.08 21:53:49 WARN  no build target for: /Users/cccllc/Desktop/SE 350/FinanceHelper/src/main/java/com/financehelper/repository/ReportRepository.java
2026.06.08 21:53:49 INFO  no build target found for /Users/cccllc/Desktop/SE 350/FinanceHelper/src/main/java/com/financehelper/strategy/TaxAdjustedMarginStrategy.java. Using fallback presentation compiler.
2026.06.08 21:53:49 WARN  Running javac-semanticdb failed for file:///Users/cccllc/Desktop/SE%20350/FinanceHelper/src/main/java/com/financehelper/repository/ReportRepository.java. Output:

2026.06.08 21:53:55 INFO  no build target found for /Users/cccllc/Desktop/SE 350/FinanceHelper/src/main/java/com/financehelper/command/DeleteReportCommand.java. Using fallback presentation compiler.
2026.06.08 21:53:55 INFO  empty definition using pc, found symbol in pc: com/financehelper/repository/ReportRepository# (full report at: "/Users/cccllc/Desktop/SE 350/FinanceHelper/.metals/.reports/metals-full/2026-06-08/r_empty-definition_21-52-42-201.md")
2026.06.08 21:55:19 INFO  no build target found for /Users/cccllc/Desktop/SE 350/FinanceHelper/src/main/java/com/financehelper/command/SaveReportCommand.java. Using fallback presentation compiler.
2026.06.08 21:55:23 INFO  no build target found for /Users/cccllc/Desktop/SE 350/FinanceHelper/src/main/java/com/financehelper/command/ExportReportCommand.java. Using fallback presentation compiler.
2026.06.08 21:55:26 INFO  no build target found for /Users/cccllc/Desktop/SE 350/FinanceHelper/src/main/java/com/financehelper/command/DeleteReportCommand.java. Using fallback presentation compiler.
2026.06.08 21:55:29 INFO  no build target found for /Users/cccllc/Desktop/SE 350/FinanceHelper/src/main/java/com/financehelper/ui/ConsoleUI.java. Using fallback presentation compiler.
2026.06.08 21:56:09 INFO  no build target found for /Users/cccllc/Desktop/SE 350/FinanceHelper/src/main/java/com/financehelper/model/MarginResult.java. Using fallback presentation compiler.
2026.06.08 21:56:13 INFO  no build target found for /Users/cccllc/Desktop/SE 350/FinanceHelper/src/main/java/com/financehelper/model/Expense.java. Using fallback presentation compiler.
2026.06.08 21:56:21 INFO  no build target found for /Users/cccllc/Desktop/SE 350/FinanceHelper/src/main/java/com/financehelper/model/MarginResultBuilder.java. Using fallback presentation compiler.
2026.06.08 21:59:18 INFO  no build target found for /Users/cccllc/Desktop/SE 350/FinanceHelper/src/main/java/com/financehelper/strategy/TaxAdjustedMarginStrategy.java. Using fallback presentation compiler.
2026.06.08 21:59:19 INFO  no build target found for /Users/cccllc/Desktop/SE 350/FinanceHelper/src/main/java/com/financehelper/repository/ReportRepository.java. Using fallback presentation compiler.
2026.06.08 21:59:20 INFO  no build target found for /Users/cccllc/Desktop/SE 350/FinanceHelper/src/main/java/com/financehelper/repository/ReportRepository.java. Using fallback presentation compiler.
2026.06.08 21:59:19 INFO  no build target found for /Users/cccllc/Desktop/SE 350/FinanceHelper/src/main/java/com/financehelper/repository/ReportRepository.java. Using fallback presentation compiler.
2026.06.08 21:59:20 WARN  Running javac-semanticdb failed for file:///Users/cccllc/Desktop/SE%20350/FinanceHelper/src/main/java/com/financehelper/command/DeleteReportCommand.java. Output:

2026.06.08 21:59:19 INFO  no build target found for /Users/cccllc/Desktop/SE 350/FinanceHelper/src/main/java/com/financehelper/command/DeleteReportCommand.java. Using fallback presentation compiler.
2026.06.08 21:59:20 INFO  no build target found for /Users/cccllc/Desktop/SE 350/FinanceHelper/src/main/java/com/financehelper/command/DeleteReportCommand.java. Using fallback presentation compiler.
2026.06.08 21:59:20 WARN  Running javac-semanticdb failed for file:///Users/cccllc/Desktop/SE%20350/FinanceHelper/src/main/java/com/financehelper/command/ExportReportCommand.java. Output:

2026.06.08 21:59:19 INFO  no build target found for /Users/cccllc/Desktop/SE 350/FinanceHelper/src/main/java/com/financehelper/command/ExportReportCommand.java. Using fallback presentation compiler.
2026.06.08 21:59:20 INFO  no build target found for /Users/cccllc/Desktop/SE 350/FinanceHelper/src/main/java/com/financehelper/command/ExportReportCommand.java. Using fallback presentation compiler.
2026.06.08 21:59:20 WARN  Running javac-semanticdb failed for file:///Users/cccllc/Desktop/SE%20350/FinanceHelper/src/main/java/com/financehelper/command/SaveReportCommand.java. Output:

2026.06.08 21:59:20 INFO  no build target found for /Users/cccllc/Desktop/SE 350/FinanceHelper/src/main/java/com/financehelper/command/SaveReportCommand.java. Using fallback presentation compiler.
2026.06.08 21:59:20 INFO  no build target found for /Users/cccllc/Desktop/SE 350/FinanceHelper/src/main/java/com/financehelper/command/SaveReportCommand.java. Using fallback presentation compiler.
2026.06.08 21:59:20 WARN  Running javac-semanticdb failed for file:///Users/cccllc/Desktop/SE%20350/FinanceHelper/src/main/java/com/financehelper/model/Expense.java. Output:

2026.06.08 21:59:19 INFO  no build target found for /Users/cccllc/Desktop/SE 350/FinanceHelper/src/main/java/com/financehelper/model/Expense.java. Using fallback presentation compiler.
2026.06.08 21:59:20 INFO  no build target found for /Users/cccllc/Desktop/SE 350/FinanceHelper/src/main/java/com/financehelper/model/Expense.java. Using fallback presentation compiler.
2026.06.08 21:59:20 WARN  Running javac-semanticdb failed for file:///Users/cccllc/Desktop/SE%20350/FinanceHelper/src/main/java/com/financehelper/model/MarginResult.java. Output:

2026.06.08 21:59:20 INFO  no build target found for /Users/cccllc/Desktop/SE 350/FinanceHelper/src/main/java/com/financehelper/model/MarginResult.java. Using fallback presentation compiler.
2026.06.08 21:59:20 INFO  no build target found for /Users/cccllc/Desktop/SE 350/FinanceHelper/src/main/java/com/financehelper/model/MarginResult.java. Using fallback presentation compiler.
2026.06.08 21:59:20 WARN  Running javac-semanticdb failed for file:///Users/cccllc/Desktop/SE%20350/FinanceHelper/src/main/java/com/financehelper/model/MarginResultBuilder.java. Output:

2026.06.08 21:59:19 INFO  no build target found for /Users/cccllc/Desktop/SE 350/FinanceHelper/src/main/java/com/financehelper/model/MarginResultBuilder.java. Using fallback presentation compiler.
2026.06.08 21:59:20 INFO  no build target found for /Users/cccllc/Desktop/SE 350/FinanceHelper/src/main/java/com/financehelper/model/MarginResultBuilder.java. Using fallback presentation compiler.
2026.06.08 21:59:20 WARN  Running javac-semanticdb failed for file:///Users/cccllc/Desktop/SE%20350/FinanceHelper/src/main/java/com/financehelper/ui/ConsoleUI.java. Output:

2026.06.08 21:59:20 INFO  no build target found for /Users/cccllc/Desktop/SE 350/FinanceHelper/src/main/java/com/financehelper/ui/ConsoleUI.java. Using fallback presentation compiler.
2026.06.08 21:59:20 INFO  no build target found for /Users/cccllc/Desktop/SE 350/FinanceHelper/src/main/java/com/financehelper/ui/ConsoleUI.java. Using fallback presentation compiler.
2026.06.08 21:59:59 INFO  no build target found for /Users/cccllc/Desktop/SE 350/FinanceHelper/src/main/java/com/financehelper/repository/ReportRepository.java. Using fallback presentation compiler.
2026.06.08 21:59:59 INFO  no build target found for /Users/cccllc/Desktop/SE 350/FinanceHelper/src/main/java/com/financehelper/repository/ReportRepository.java. Using fallback presentation compiler.
2026.06.08 21:59:59 INFO  no build target found for /Users/cccllc/Desktop/SE 350/FinanceHelper/src/main/java/com/financehelper/repository/ReportRepository.java. Using fallback presentation compiler.
2026.06.08 21:59:59 WARN  Running javac-semanticdb failed for file:///Users/cccllc/Desktop/SE%20350/FinanceHelper/src/main/java/com/financehelper/command/DeleteReportCommand.java. Output:

2026.06.08 21:59:59 INFO  no build target found for /Users/cccllc/Desktop/SE 350/FinanceHelper/src/main/java/com/financehelper/command/DeleteReportCommand.java. Using fallback presentation compiler.
2026.06.08 21:59:59 INFO  no build target found for /Users/cccllc/Desktop/SE 350/FinanceHelper/src/main/java/com/financehelper/command/DeleteReportCommand.java. Using fallback presentation compiler.
2026.06.08 21:59:59 INFO  no build target found for /Users/cccllc/Desktop/SE 350/FinanceHelper/src/main/java/com/financehelper/command/DeleteReportCommand.java. Using fallback presentation compiler.
2026.06.08 21:59:59 WARN  Running javac-semanticdb failed for file:///Users/cccllc/Desktop/SE%20350/FinanceHelper/src/main/java/com/financehelper/command/ExportReportCommand.java. Output:

2026.06.08 21:59:59 INFO  no build target found for /Users/cccllc/Desktop/SE 350/FinanceHelper/src/main/java/com/financehelper/command/ExportReportCommand.java. Using fallback presentation compiler.
2026.06.08 21:59:59 INFO  no build target found for /Users/cccllc/Desktop/SE 350/FinanceHelper/src/main/java/com/financehelper/command/ExportReportCommand.java. Using fallback presentation compiler.
2026.06.08 21:59:59 INFO  no build target found for /Users/cccllc/Desktop/SE 350/FinanceHelper/src/main/java/com/financehelper/command/ExportReportCommand.java. Using fallback presentation compiler.
2026.06.08 21:59:59 WARN  Running javac-semanticdb failed for file:///Users/cccllc/Desktop/SE%20350/FinanceHelper/src/main/java/com/financehelper/command/SaveReportCommand.java. Output:

2026.06.08 21:59:59 INFO  no build target found for /Users/cccllc/Desktop/SE 350/FinanceHelper/src/main/java/com/financehelper/command/SaveReportCommand.java. Using fallback presentation compiler.
2026.06.08 21:59:59 INFO  no build target found for /Users/cccllc/Desktop/SE 350/FinanceHelper/src/main/java/com/financehelper/command/SaveReportCommand.java. Using fallback presentation compiler.
2026.06.08 21:59:59 INFO  no build target found for /Users/cccllc/Desktop/SE 350/FinanceHelper/src/main/java/com/financehelper/command/SaveReportCommand.java. Using fallback presentation compiler.
2026.06.08 21:59:59 WARN  Running javac-semanticdb failed for file:///Users/cccllc/Desktop/SE%20350/FinanceHelper/src/main/java/com/financehelper/model/Expense.java. Output:

2026.06.08 21:59:59 INFO  no build target found for /Users/cccllc/Desktop/SE 350/FinanceHelper/src/main/java/com/financehelper/model/Expense.java. Using fallback presentation compiler.
2026.06.08 21:59:59 INFO  no build target found for /Users/cccllc/Desktop/SE 350/FinanceHelper/src/main/java/com/financehelper/model/Expense.java. Using fallback presentation compiler.
2026.06.08 21:59:59 INFO  no build target found for /Users/cccllc/Desktop/SE 350/FinanceHelper/src/main/java/com/financehelper/model/Expense.java. Using fallback presentation compiler.
2026.06.08 21:59:59 WARN  Running javac-semanticdb failed for file:///Users/cccllc/Desktop/SE%20350/FinanceHelper/src/main/java/com/financehelper/model/MarginResult.java. Output:

2026.06.08 21:59:59 INFO  no build target found for /Users/cccllc/Desktop/SE 350/FinanceHelper/src/main/java/com/financehelper/model/MarginResult.java. Using fallback presentation compiler.
2026.06.08 21:59:59 INFO  no build target found for /Users/cccllc/Desktop/SE 350/FinanceHelper/src/main/java/com/financehelper/model/MarginResult.java. Using fallback presentation compiler.
2026.06.08 21:59:59 INFO  no build target found for /Users/cccllc/Desktop/SE 350/FinanceHelper/src/main/java/com/financehelper/model/MarginResult.java. Using fallback presentation compiler.
2026.06.08 21:59:59 WARN  Running javac-semanticdb failed for file:///Users/cccllc/Desktop/SE%20350/FinanceHelper/src/main/java/com/financehelper/model/MarginResultBuilder.java. Output:

2026.06.08 21:59:59 INFO  no build target found for /Users/cccllc/Desktop/SE 350/FinanceHelper/src/main/java/com/financehelper/model/MarginResultBuilder.java. Using fallback presentation compiler.
2026.06.08 21:59:59 INFO  no build target found for /Users/cccllc/Desktop/SE 350/FinanceHelper/src/main/java/com/financehelper/model/MarginResultBuilder.java. Using fallback presentation compiler.
2026.06.08 21:59:59 INFO  no build target found for /Users/cccllc/Desktop/SE 350/FinanceHelper/src/main/java/com/financehelper/model/MarginResultBuilder.java. Using fallback presentation compiler.
2026.06.08 21:59:59 WARN  Running javac-semanticdb failed for file:///Users/cccllc/Desktop/SE%20350/FinanceHelper/src/main/java/com/financehelper/ui/ConsoleUI.java. Output:

2026.06.08 21:59:59 INFO  no build target found for /Users/cccllc/Desktop/SE 350/FinanceHelper/src/main/java/com/financehelper/ui/ConsoleUI.java. Using fallback presentation compiler.
2026.06.08 21:59:59 INFO  no build target found for /Users/cccllc/Desktop/SE 350/FinanceHelper/src/main/java/com/financehelper/ui/ConsoleUI.java. Using fallback presentation compiler.
2026.06.08 21:59:59 INFO  no build target found for /Users/cccllc/Desktop/SE 350/FinanceHelper/src/main/java/com/financehelper/ui/ConsoleUI.java. Using fallback presentation compiler.
2026.06.08 22:00:04 INFO  no build target found for /Users/cccllc/Desktop/SE 350/FinanceHelper/src/main/java/com/financehelper/repository/ReportRepository.java. Using fallback presentation compiler.
2026.06.08 22:00:04 WARN  no build target for: /Users/cccllc/Desktop/SE 350/FinanceHelper/src/main/java/com/financehelper/repository/ReportRepository.java
2026.06.08 22:00:04 INFO  no build target found for /Users/cccllc/Desktop/SE 350/FinanceHelper/src/main/java/com/financehelper/strategy/TaxAdjustedMarginStrategy.java. Using fallback presentation compiler.
2026.06.08 22:00:04 WARN  Running javac-semanticdb failed for file:///Users/cccllc/Desktop/SE%20350/FinanceHelper/src/main/java/com/financehelper/repository/ReportRepository.java. Output:

2026.06.08 22:00:31 INFO  no build target found for /Users/cccllc/Desktop/SE 350/FinanceHelper/src/main/java/com/financehelper/repository/ReportRepository.java. Using fallback presentation compiler.
2026.06.08 22:00:31 INFO  no build target found for /Users/cccllc/Desktop/SE 350/FinanceHelper/src/main/java/com/financehelper/repository/ReportRepository.java. Using fallback presentation compiler.
2026.06.08 22:00:31 WARN  Running javac-semanticdb failed for file:///Users/cccllc/Desktop/SE%20350/FinanceHelper/src/main/java/com/financehelper/command/DeleteReportCommand.java. Output:

2026.06.08 22:00:31 INFO  no build target found for /Users/cccllc/Desktop/SE 350/FinanceHelper/src/main/java/com/financehelper/command/DeleteReportCommand.java. Using fallback presentation compiler.
2026.06.08 22:00:31 INFO  no build target found for /Users/cccllc/Desktop/SE 350/FinanceHelper/src/main/java/com/financehelper/command/DeleteReportCommand.java. Using fallback presentation compiler.
2026.06.08 22:00:31 WARN  Running javac-semanticdb failed for file:///Users/cccllc/Desktop/SE%20350/FinanceHelper/src/main/java/com/financehelper/command/ExportReportCommand.java. Output:

2026.06.08 22:00:31 INFO  no build target found for /Users/cccllc/Desktop/SE 350/FinanceHelper/src/main/java/com/financehelper/command/ExportReportCommand.java. Using fallback presentation compiler.
2026.06.08 22:00:31 INFO  no build target found for /Users/cccllc/Desktop/SE 350/FinanceHelper/src/main/java/com/financehelper/command/ExportReportCommand.java. Using fallback presentation compiler.
2026.06.08 22:00:31 INFO  no build target found for /Users/cccllc/Desktop/SE 350/FinanceHelper/src/main/java/com/financehelper/command/ExportReportCommand.java. Using fallback presentation compiler.
2026.06.08 22:00:31 INFO  no build target found for /Users/cccllc/Desktop/SE 350/FinanceHelper/src/main/java/com/financehelper/repository/ReportRepository.java. Using fallback presentation compiler.
2026.06.08 22:00:31 WARN  Running javac-semanticdb failed for file:///Users/cccllc/Desktop/SE%20350/FinanceHelper/src/main/java/com/financehelper/command/SaveReportCommand.java. Output:

2026.06.08 22:00:31 INFO  no build target found for /Users/cccllc/Desktop/SE 350/FinanceHelper/src/main/java/com/financehelper/command/SaveReportCommand.java. Using fallback presentation compiler.
2026.06.08 22:00:31 WARN  Running javac-semanticdb failed for file:///Users/cccllc/Desktop/SE%20350/FinanceHelper/src/main/java/com/financehelper/command/DeleteReportCommand.java. Output:

2026.06.08 22:00:31 INFO  no build target found for /Users/cccllc/Desktop/SE 350/FinanceHelper/src/main/java/com/financehelper/command/DeleteReportCommand.java. Using fallback presentation compiler.
2026.06.08 22:00:31 INFO  no build target found for /Users/cccllc/Desktop/SE 350/FinanceHelper/src/main/java/com/financehelper/command/SaveReportCommand.java. Using fallback presentation compiler.
2026.06.08 22:00:31 WARN  Running javac-semanticdb failed for file:///Users/cccllc/Desktop/SE%20350/FinanceHelper/src/main/java/com/financehelper/model/Expense.java. Output:

2026.06.08 22:00:31 INFO  no build target found for /Users/cccllc/Desktop/SE 350/FinanceHelper/src/main/java/com/financehelper/model/Expense.java. Using fallback presentation compiler.
2026.06.08 22:00:31 INFO  no build target found for /Users/cccllc/Desktop/SE 350/FinanceHelper/src/main/java/com/financehelper/command/DeleteReportCommand.java. Using fallback presentation compiler.
2026.06.08 22:00:31 WARN  Running javac-semanticdb failed for file:///Users/cccllc/Desktop/SE%20350/FinanceHelper/src/main/java/com/financehelper/command/SaveReportCommand.java. Output:

2026.06.08 22:00:31 INFO  no build target found for /Users/cccllc/Desktop/SE 350/FinanceHelper/src/main/java/com/financehelper/command/SaveReportCommand.java. Using fallback presentation compiler.
2026.06.08 22:00:31 INFO  no build target found for /Users/cccllc/Desktop/SE 350/FinanceHelper/src/main/java/com/financehelper/model/Expense.java. Using fallback presentation compiler.
2026.06.08 22:00:31 WARN  Running javac-semanticdb failed for file:///Users/cccllc/Desktop/SE%20350/FinanceHelper/src/main/java/com/financehelper/model/MarginResult.java. Output:

2026.06.08 22:00:31 INFO  no build target found for /Users/cccllc/Desktop/SE 350/FinanceHelper/src/main/java/com/financehelper/model/MarginResult.java. Using fallback presentation compiler.
2026.06.08 22:00:31 INFO  no build target found for /Users/cccllc/Desktop/SE 350/FinanceHelper/src/main/java/com/financehelper/command/SaveReportCommand.java. Using fallback presentation compiler.
2026.06.08 22:00:31 WARN  Running javac-semanticdb failed for file:///Users/cccllc/Desktop/SE%20350/FinanceHelper/src/main/java/com/financehelper/model/Expense.java. Output:

2026.06.08 22:00:31 INFO  no build target found for /Users/cccllc/Desktop/SE 350/FinanceHelper/src/main/java/com/financehelper/model/Expense.java. Using fallback presentation compiler.
2026.06.08 22:00:31 INFO  no build target found for /Users/cccllc/Desktop/SE 350/FinanceHelper/src/main/java/com/financehelper/model/MarginResult.java. Using fallback presentation compiler.
2026.06.08 22:00:31 WARN  Running javac-semanticdb failed for file:///Users/cccllc/Desktop/SE%20350/FinanceHelper/src/main/java/com/financehelper/model/MarginResultBuilder.java. Output:

2026.06.08 22:00:31 INFO  no build target found for /Users/cccllc/Desktop/SE 350/FinanceHelper/src/main/java/com/financehelper/model/MarginResultBuilder.java. Using fallback presentation compiler.
2026.06.08 22:00:31 INFO  no build target found for /Users/cccllc/Desktop/SE 350/FinanceHelper/src/main/java/com/financehelper/model/Expense.java. Using fallback presentation compiler.
2026.06.08 22:00:31 WARN  Running javac-semanticdb failed for file:///Users/cccllc/Desktop/SE%20350/FinanceHelper/src/main/java/com/financehelper/model/MarginResult.java. Output:

2026.06.08 22:00:31 INFO  no build target found for /Users/cccllc/Desktop/SE 350/FinanceHelper/src/main/java/com/financehelper/model/MarginResult.java. Using fallback presentation compiler.
2026.06.08 22:00:31 INFO  no build target found for /Users/cccllc/Desktop/SE 350/FinanceHelper/src/main/java/com/financehelper/model/MarginResultBuilder.java. Using fallback presentation compiler.
2026.06.08 22:00:31 WARN  Running javac-semanticdb failed for file:///Users/cccllc/Desktop/SE%20350/FinanceHelper/src/main/java/com/financehelper/ui/ConsoleUI.java. Output:

2026.06.08 22:00:31 INFO  no build target found for /Users/cccllc/Desktop/SE 350/FinanceHelper/src/main/java/com/financehelper/ui/ConsoleUI.java. Using fallback presentation compiler.
2026.06.08 22:00:31 INFO  no build target found for /Users/cccllc/Desktop/SE 350/FinanceHelper/src/main/java/com/financehelper/model/MarginResult.java. Using fallback presentation compiler.
2026.06.08 22:00:31 WARN  Running javac-semanticdb failed for file:///Users/cccllc/Desktop/SE%20350/FinanceHelper/src/main/java/com/financehelper/model/MarginResultBuilder.java. Output:

2026.06.08 22:00:31 INFO  no build target found for /Users/cccllc/Desktop/SE 350/FinanceHelper/src/main/java/com/financehelper/model/MarginResultBuilder.java. Using fallback presentation compiler.
2026.06.08 22:00:31 INFO  no build target found for /Users/cccllc/Desktop/SE 350/FinanceHelper/src/main/java/com/financehelper/ui/ConsoleUI.java. Using fallback presentation compiler.
2026.06.08 22:00:31 INFO  no build target found for /Users/cccllc/Desktop/SE 350/FinanceHelper/src/main/java/com/financehelper/model/MarginResultBuilder.java. Using fallback presentation compiler.
2026.06.08 22:00:31 WARN  Running javac-semanticdb failed for file:///Users/cccllc/Desktop/SE%20350/FinanceHelper/src/main/java/com/financehelper/ui/ConsoleUI.java. Output:

2026.06.08 22:00:31 INFO  no build target found for /Users/cccllc/Desktop/SE 350/FinanceHelper/src/main/java/com/financehelper/ui/ConsoleUI.java. Using fallback presentation compiler.
2026.06.08 22:00:31 INFO  no build target found for /Users/cccllc/Desktop/SE 350/FinanceHelper/src/main/java/com/financehelper/ui/ConsoleUI.java. Using fallback presentation compiler.
2026.06.08 22:04:59 WARN  no build target for: /Users/cccllc/Desktop/SE 350/FinanceHelper/src/main/java/com/financehelper/repository/ReportRepository.java
2026.06.08 22:04:59 INFO  no build target found for /Users/cccllc/Desktop/SE 350/FinanceHelper/src/main/java/com/financehelper/strategy/TaxAdjustedMarginStrategy.java. Using fallback presentation compiler.
2026.06.08 22:04:59 INFO  no build target found for /Users/cccllc/Desktop/SE 350/FinanceHelper/src/main/java/com/financehelper/strategy/TaxAdjustedMarginStrategy.java. Using fallback presentation compiler.
2026.06.08 22:05:38 INFO  no build target found for /Users/cccllc/Desktop/SE 350/FinanceHelper/src/main/java/com/financehelper/strategy/TaxAdjustedMarginStrategy.java. Using fallback presentation compiler.
2026.06.08 22:05:38 WARN  no build target for: /Users/cccllc/Desktop/SE 350/FinanceHelper/src/main/java/com/financehelper/strategy/TaxAdjustedMarginStrategy.java
2026.06.08 22:05:38 INFO  no build target found for /Users/cccllc/Desktop/SE 350/FinanceHelper/src/main/java/com/financehelper/strategy/TaxAdjustedMarginStrategy.java. Using fallback presentation compiler.
2026.06.08 22:05:38 INFO  no build target found for /Users/cccllc/Desktop/SE 350/FinanceHelper/src/main/java/com/financehelper/strategy/TaxAdjustedMarginStrategy.java. Using fallback presentation compiler.
2026.06.08 22:06:32 INFO  no build target found for /Users/cccllc/Desktop/SE 350/FinanceHelper/src/main/java/com/financehelper/strategy/TaxAdjustedMarginStrategy.java. Using fallback presentation compiler.
2026.06.08 22:06:32 WARN  no build target for: /Users/cccllc/Desktop/SE 350/FinanceHelper/src/main/java/com/financehelper/strategy/TaxAdjustedMarginStrategy.java
2026.06.08 22:06:32 INFO  no build target found for /Users/cccllc/Desktop/SE 350/FinanceHelper/src/main/java/com/financehelper/strategy/TaxAdjustedMarginStrategy.java. Using fallback presentation compiler.
2026.06.08 22:06:32 INFO  no build target found for /Users/cccllc/Desktop/SE 350/FinanceHelper/src/main/java/com/financehelper/strategy/TaxAdjustedMarginStrategy.java. Using fallback presentation compiler.
2026.06.08 22:06:38 INFO  no build target found for /Users/cccllc/Desktop/SE 350/FinanceHelper/src/main/java/com/financehelper/strategy/TaxAdjustedMarginStrategy.java. Using fallback presentation compiler.
2026.06.08 22:07:04 WARN  no build target for: /Users/cccllc/Desktop/SE 350/FinanceHelper/src/main/java/com/financehelper/strategy/TaxAdjustedMarginStrategy.java
2026.06.08 22:07:04 INFO  no build target found for /Users/cccllc/Desktop/SE 350/FinanceHelper/src/main/java/com/financehelper/strategy/TaxAdjustedMarginStrategy.java. Using fallback presentation compiler.
2026.06.08 22:07:05 INFO  no build target found for /Users/cccllc/Desktop/SE 350/FinanceHelper/src/main/java/com/financehelper/strategy/TaxAdjustedMarginStrategy.java. Using fallback presentation compiler.
2026.06.08 22:07:05 INFO  no build target found for /Users/cccllc/Desktop/SE 350/FinanceHelper/src/main/java/com/financehelper/strategy/TaxAdjustedMarginStrategy.java. Using fallback presentation compiler.
2026.06.08 22:08:08 INFO  no build target found for /Users/cccllc/Desktop/SE 350/FinanceHelper/src/main/java/com/financehelper/Main.java. Using fallback presentation compiler.
2026.06.08 22:08:08 WARN  no build target for: /Users/cccllc/Desktop/SE 350/FinanceHelper/src/main/java/com/financehelper/Main.java
2026.06.08 22:08:08 INFO  no build target found for /Users/cccllc/Desktop/SE 350/FinanceHelper/src/main/java/com/financehelper/Main.java. Using fallback presentation compiler.
2026.06.08 22:08:08 INFO  no build target found for /Users/cccllc/Desktop/SE 350/FinanceHelper/src/main/java/com/financehelper/Main.java. Using fallback presentation compiler.
2026.06.08 22:09:01 INFO  no build target found for /Users/cccllc/Desktop/SE 350/FinanceHelper/src/main/java/com/financehelper/strategy/TaxAdjustedMarginStrategy.java. Using fallback presentation compiler.
2026.06.08 22:09:01 INFO  no build target found for /Users/cccllc/Desktop/SE 350/FinanceHelper/src/main/java/com/financehelper/template/ConsoleReportGenerator.java. Using fallback presentation compiler.
2026.06.08 22:09:01 INFO  no build target found for /Users/cccllc/Desktop/SE 350/FinanceHelper/src/main/java/com/financehelper/template/ConsoleReportGenerator.java. Using fallback presentation compiler.
2026.06.08 22:09:01 INFO  no build target found for /Users/cccllc/Desktop/SE 350/FinanceHelper/src/main/java/com/financehelper/template/ConsoleReportGenerator.java. Using fallback presentation compiler.
2026.06.08 22:09:02 INFO  no build target found for /Users/cccllc/Desktop/SE 350/FinanceHelper/src/main/java/com/financehelper/template/ConsoleReportGenerator.java. Using fallback presentation compiler.
2026.06.08 22:09:41 INFO  no build target found for /Users/cccllc/Desktop/SE 350/FinanceHelper/src/main/java/com/financehelper/template/ConsoleReportGenerator.java. Using fallback presentation compiler.
2026.06.08 22:09:41 INFO  no build target found for /Users/cccllc/Desktop/SE 350/FinanceHelper/src/main/java/com/financehelper/template/CsvReportGenerator.java. Using fallback presentation compiler.
2026.06.08 22:09:41 INFO  no build target found for /Users/cccllc/Desktop/SE 350/FinanceHelper/src/main/java/com/financehelper/template/CsvReportGenerator.java. Using fallback presentation compiler.
2026.06.08 22:09:41 INFO  no build target found for /Users/cccllc/Desktop/SE 350/FinanceHelper/src/main/java/com/financehelper/template/CsvReportGenerator.java. Using fallback presentation compiler.
2026.06.08 22:09:42 INFO  no build target found for /Users/cccllc/Desktop/SE 350/FinanceHelper/src/main/java/com/financehelper/template/CsvReportGenerator.java. Using fallback presentation compiler.
2026.06.08 22:09:45 INFO  no build target found for /Users/cccllc/Desktop/SE 350/FinanceHelper/src/main/java/com/financehelper/template/CsvReportGenerator.java. Using fallback presentation compiler.
2026.06.08 22:09:45 INFO  no build target found for /Users/cccllc/Desktop/SE 350/FinanceHelper/src/main/java/com/financehelper/template/ReportGenerator.java. Using fallback presentation compiler.
2026.06.08 22:09:45 INFO  no build target found for /Users/cccllc/Desktop/SE 350/FinanceHelper/src/main/java/com/financehelper/template/ReportGenerator.java. Using fallback presentation compiler.
2026.06.08 22:09:45 INFO  no build target found for /Users/cccllc/Desktop/SE 350/FinanceHelper/src/main/java/com/financehelper/template/ReportGenerator.java. Using fallback presentation compiler.
2026.06.08 22:09:45 INFO  no build target found for /Users/cccllc/Desktop/SE 350/FinanceHelper/src/main/java/com/financehelper/template/ReportGenerator.java. Using fallback presentation compiler.
2026.06.08 22:11:14 INFO  no build target found for /Users/cccllc/Desktop/SE 350/FinanceHelper/src/main/java/com/financehelper/template/ReportGenerator.java. Using fallback presentation compiler.
2026.06.08 22:11:14 INFO  no build target found for /Users/cccllc/Desktop/SE 350/FinanceHelper/src/main/java/com/financehelper/template/ReportGenerator.java. Using fallback presentation compiler.
2026.06.08 22:12:21 INFO  no build target found for /Users/cccllc/Desktop/SE 350/FinanceHelper/src/main/java/com/financehelper/template/ReportGenerator.java. Using fallback presentation compiler.
2026.06.08 22:12:26 INFO  no build target found for /Users/cccllc/Desktop/SE 350/FinanceHelper/src/main/java/com/financehelper/Main.java. Using fallback presentation compiler.
2026.06.08 22:12:26 WARN  no build target for: /Users/cccllc/Desktop/SE 350/FinanceHelper/src/main/java/com/financehelper/Main.java
2026.06.08 22:12:26 INFO  no build target found for /Users/cccllc/Desktop/SE 350/FinanceHelper/src/main/java/com/financehelper/Main.java. Using fallback presentation compiler.
2026.06.08 22:12:26 INFO  no build target found for /Users/cccllc/Desktop/SE 350/FinanceHelper/src/main/java/com/financehelper/template/ReportGenerator.java. Using fallback presentation compiler.
2026.06.08 22:12:26 INFO  no build target found for /Users/cccllc/Desktop/SE 350/FinanceHelper/src/main/java/com/financehelper/ui/ConsoleUI.java. Using fallback presentation compiler.
2026.06.08 22:12:27 INFO  no build target found for /Users/cccllc/Desktop/SE 350/FinanceHelper/src/main/java/com/financehelper/ui/ConsoleUI.java. Using fallback presentation compiler.
2026.06.08 22:12:26 INFO  no build target found for /Users/cccllc/Desktop/SE 350/FinanceHelper/src/main/java/com/financehelper/ui/ConsoleUI.java. Using fallback presentation compiler.
2026.06.08 22:12:26 INFO  no build target found for /Users/cccllc/Desktop/SE 350/FinanceHelper/src/main/java/com/financehelper/ui/ConsoleUI.java. Using fallback presentation compiler.
2026.06.08 22:12:28 INFO  no build target found for /Users/cccllc/Desktop/SE 350/FinanceHelper/src/main/java/com/financehelper/ui/ConsoleUI.java. Using fallback presentation compiler.
2026.06.08 22:12:33 INFO  no build target found for /Users/cccllc/Desktop/SE 350/FinanceHelper/src/main/java/com/financehelper/ui/ConsoleUI.java. Using fallback presentation compiler.
Jun 08, 2026 10:12:33 PM org.eclipse.lsp4j.jsonrpc.RemoteEndpoint handleCancellation
WARNING: Unmatched cancel notification for request id 804
2026.06.08 22:12:33 INFO  no build target found for /Users/cccllc/Desktop/SE 350/FinanceHelper/src/main/java/com/financehelper/ui/ConsoleUI.java. Using fallback presentation compiler.
2026.06.08 22:12:34 INFO  no build target found for /Users/cccllc/Desktop/SE 350/FinanceHelper/src/main/java/com/financehelper/ui/ConsoleUI.java. Using fallback presentation compiler.
2026.06.08 22:12:37 INFO  no build target found for /Users/cccllc/Desktop/SE 350/FinanceHelper/src/main/java/com/financehelper/ui/ConsoleUI.java. Using fallback presentation compiler.
2026.06.08 22:12:43 INFO  no build target found for /Users/cccllc/Desktop/SE 350/FinanceHelper/src/main/java/com/financehelper/ui/ConsoleUI.java. Using fallback presentation compiler.
Jun 08, 2026 10:12:43 PM org.eclipse.lsp4j.jsonrpc.RemoteEndpoint handleCancellation
WARNING: Unmatched cancel notification for request id 853
2026.06.08 22:12:43 INFO  no build target found for /Users/cccllc/Desktop/SE 350/FinanceHelper/src/main/java/com/financehelper/ui/ConsoleUI.java. Using fallback presentation compiler.
2026.06.08 22:12:44 INFO  no build target found for /Users/cccllc/Desktop/SE 350/FinanceHelper/src/main/java/com/financehelper/ui/ConsoleUI.java. Using fallback presentation compiler.
2026.06.08 22:12:50 INFO  no build target found for /Users/cccllc/Desktop/SE 350/FinanceHelper/src/main/java/com/financehelper/ui/ConsoleUI.java. Using fallback presentation compiler.
2026.06.08 22:12:50 INFO  no build target found for /Users/cccllc/Desktop/SE 350/FinanceHelper/src/main/java/com/financehelper/ui/ConsoleUI.java. Using fallback presentation compiler.
2026.06.08 22:13:08 INFO  no build target found for /Users/cccllc/Desktop/SE 350/FinanceHelper/src/main/java/com/financehelper/ui/ConsoleUI.java. Using fallback presentation compiler.
2026.06.08 22:13:08 INFO  no build target found for /Users/cccllc/Desktop/SE 350/FinanceHelper/src/main/java/com/financehelper/ui/ConsoleUI.java. Using fallback presentation compiler.
2026.06.08 22:13:10 INFO  no build target found for /Users/cccllc/Desktop/SE 350/FinanceHelper/src/main/java/com/financehelper/ui/ConsoleUI.java. Using fallback presentation compiler.
2026.06.08 22:13:14 INFO  no build target found for /Users/cccllc/Desktop/SE 350/FinanceHelper/src/main/java/com/financehelper/ui/ConsoleUI.java. Using fallback presentation compiler.
2026.06.08 22:13:14 INFO  no build target found for /Users/cccllc/Desktop/SE 350/FinanceHelper/src/main/java/com/financehelper/ui/ConsoleUI.java. Using fallback presentation compiler.
2026.06.08 22:13:17 INFO  no build target found for /Users/cccllc/Desktop/SE 350/FinanceHelper/src/main/java/com/financehelper/ui/ConsoleUI.java. Using fallback presentation compiler.
2026.06.08 22:13:17 INFO  no build target found for /Users/cccllc/Desktop/SE 350/FinanceHelper/src/main/java/com/financehelper/ui/ConsoleUI.java. Using fallback presentation compiler.
2026.06.08 22:13:17 INFO  no build target found for /Users/cccllc/Desktop/SE 350/FinanceHelper/src/main/java/com/financehelper/ui/ConsoleUI.java. Using fallback presentation compiler.
2026.06.08 22:13:38 INFO  no build target found for /Users/cccllc/Desktop/SE 350/FinanceHelper/src/main/java/com/financehelper/ui/ConsoleUI.java. Using fallback presentation compiler.
2026.06.08 22:13:38 INFO  no build target found for /Users/cccllc/Desktop/SE 350/FinanceHelper/src/main/java/com/financehelper/template/ReportGenerator.java. Using fallback presentation compiler.
2026.06.08 22:13:39 INFO  no build target found for /Users/cccllc/Desktop/SE 350/FinanceHelper/src/main/java/com/financehelper/template/ReportGenerator.java. Using fallback presentation compiler.
2026.06.08 22:13:38 INFO  no build target found for /Users/cccllc/Desktop/SE 350/FinanceHelper/src/main/java/com/financehelper/template/ReportGenerator.java. Using fallback presentation compiler.
2026.06.08 22:13:41 INFO  no build target found for /Users/cccllc/Desktop/SE 350/FinanceHelper/src/main/java/com/financehelper/template/ReportGenerator.java. Using fallback presentation compiler.
2026.06.08 22:13:41 INFO  no build target found for /Users/cccllc/Desktop/SE 350/FinanceHelper/src/main/java/com/financehelper/repository/ReportRepository.java. Using fallback presentation compiler.
2026.06.08 22:13:41 WARN  no build target for: /Users/cccllc/Desktop/SE 350/FinanceHelper/src/main/java/com/financehelper/repository/ReportRepository.java
2026.06.08 22:13:41 INFO  no build target found for /Users/cccllc/Desktop/SE 350/FinanceHelper/src/main/java/com/financehelper/repository/ReportRepository.java. Using fallback presentation compiler.
2026.06.08 22:13:41 INFO  no build target found for /Users/cccllc/Desktop/SE 350/FinanceHelper/src/main/java/com/financehelper/repository/ReportRepository.java. Using fallback presentation compiler.
2026.06.08 22:13:41 INFO  no build target found for /Users/cccllc/Desktop/SE 350/FinanceHelper/src/main/java/com/financehelper/repository/ReportRepository.java. Using fallback presentation compiler.
2026.06.08 22:13:44 INFO  no build target found for /Users/cccllc/Desktop/SE 350/FinanceHelper/src/main/java/com/financehelper/repository/ReportRepository.java. Using fallback presentation compiler.
2026.06.08 22:13:48 INFO  no build target found for /Users/cccllc/Desktop/SE 350/FinanceHelper/src/main/java/com/financehelper/repository/ReportRepository.java. Using fallback presentation compiler.
2026.06.08 22:13:48 INFO  no build target found for /Users/cccllc/Desktop/SE 350/FinanceHelper/src/main/java/com/financehelper/repository/ReportRepository.java. Using fallback presentation compiler.
2026.06.08 22:13:48 INFO  no build target found for /Users/cccllc/Desktop/SE 350/FinanceHelper/src/main/java/com/financehelper/repository/ReportRepository.java. Using fallback presentation compiler.
2026.06.08 22:13:51 INFO  no build target found for /Users/cccllc/Desktop/SE 350/FinanceHelper/src/main/java/com/financehelper/repository/ReportRepository.java. Using fallback presentation compiler.
2026.06.08 22:13:53 INFO  no build target found for /Users/cccllc/Desktop/SE 350/FinanceHelper/src/main/java/com/financehelper/repository/ReportRepository.java. Using fallback presentation compiler.
2026.06.08 22:13:57 INFO  no build target found for /Users/cccllc/Desktop/SE 350/FinanceHelper/src/main/java/com/financehelper/repository/ReportRepository.java. Using fallback presentation compiler.
2026.06.08 22:15:09 INFO  no build target found for /Users/cccllc/Desktop/SE 350/FinanceHelper/src/main/java/com/financehelper/ui/ConsoleUI.java. Using fallback presentation compiler.
2026.06.08 22:15:09 WARN  no build target for: /Users/cccllc/Desktop/SE 350/FinanceHelper/src/main/java/com/financehelper/ui/ConsoleUI.java
2026.06.08 22:15:09 INFO  no build target found for /Users/cccllc/Desktop/SE 350/FinanceHelper/src/main/java/com/financehelper/repository/ReportRepository.java. Using fallback presentation compiler.
2026.06.08 22:15:09 WARN  Running javac-semanticdb failed for file:///Users/cccllc/Desktop/SE%20350/FinanceHelper/src/main/java/com/financehelper/ui/ConsoleUI.java. Output:

2026.06.08 22:15:38 WARN  no build target for: /Users/cccllc/Desktop/SE 350/FinanceHelper/src/main/java/com/financehelper/ui/ConsoleUI.java
2026.06.08 22:15:38 INFO  no build target found for /Users/cccllc/Desktop/SE 350/FinanceHelper/src/main/java/com/financehelper/repository/ReportRepository.java. Using fallback presentation compiler.
2026.06.08 22:15:42 WARN  no build target for: /Users/cccllc/Desktop/SE 350/FinanceHelper/src/main/java/com/financehelper/repository/ReportRepository.java
2026.06.08 22:15:42 INFO  no build target found for /Users/cccllc/Desktop/SE 350/FinanceHelper/src/main/java/com/financehelper/repository/ReportRepository.java. Using fallback presentation compiler.
2026.06.08 22:15:43 INFO  no build target found for /Users/cccllc/Desktop/SE 350/FinanceHelper/src/main/java/com/financehelper/Main.java. Using fallback presentation compiler.
2026.06.08 22:15:43 WARN  no build target for: /Users/cccllc/Desktop/SE 350/FinanceHelper/src/main/java/com/financehelper/Main.java
2026.06.08 22:15:44 INFO  no build target found for /Users/cccllc/Desktop/SE 350/FinanceHelper/src/main/java/com/financehelper/Main.java. Using fallback presentation compiler.
2026.06.08 22:15:43 INFO  no build target found for /Users/cccllc/Desktop/SE 350/FinanceHelper/src/main/java/com/financehelper/Main.java. Using fallback presentation compiler.
2026.06.08 22:16:45 INFO  no build target found for /Users/cccllc/Desktop/SE 350/FinanceHelper/src/main/java/com/financehelper/Main.java. Using fallback presentation compiler.
2026.06.08 22:16:51 INFO  no build target found for /Users/cccllc/Desktop/SE 350/FinanceHelper/src/main/java/com/financehelper/ui/ConsoleUI.java. Using fallback presentation compiler.
2026.06.08 22:16:51 WARN  no build target for: /Users/cccllc/Desktop/SE 350/FinanceHelper/src/main/java/com/financehelper/ui/ConsoleUI.java
2026.06.08 22:16:51 INFO  no build target found for /Users/cccllc/Desktop/SE 350/FinanceHelper/src/main/java/com/financehelper/ui/ConsoleUI.java. Using fallback presentation compiler.
2026.06.08 22:16:51 INFO  no build target found for /Users/cccllc/Desktop/SE 350/FinanceHelper/src/main/java/com/financehelper/ui/ConsoleUI.java. Using fallback presentation compiler.
2026.06.08 22:16:51 INFO  no build target found for /Users/cccllc/Desktop/SE 350/FinanceHelper/src/main/java/com/financehelper/ui/ConsoleUI.java. Using fallback presentation compiler.
2026.06.08 22:16:51 INFO  no build target found for /Users/cccllc/Desktop/SE 350/FinanceHelper/src/main/java/com/financehelper/ui/ConsoleUI.java. Using fallback presentation compiler.
2026.06.08 22:17:51 INFO  no build target found for /Users/cccllc/Desktop/SE 350/FinanceHelper/src/main/java/com/financehelper/ui/ConsoleUI.java. Using fallback presentation compiler.
2026.06.08 22:17:51 INFO  no build target found for /Users/cccllc/Desktop/SE 350/FinanceHelper/src/main/java/com/financehelper/ui/ConsoleUI.java. Using fallback presentation compiler.
2026.06.08 22:18:28 INFO  no build target found for /Users/cccllc/Desktop/SE 350/FinanceHelper/src/main/java/com/financehelper/Main.java. Using fallback presentation compiler.
2026.06.08 22:18:28 WARN  no build target for: /Users/cccllc/Desktop/SE 350/FinanceHelper/src/main/java/com/financehelper/Main.java
2026.06.08 22:18:28 INFO  no build target found for /Users/cccllc/Desktop/SE 350/FinanceHelper/src/main/java/com/financehelper/Main.java. Using fallback presentation compiler.
Jun 08, 2026 10:18:28 PM org.eclipse.lsp4j.jsonrpc.RemoteEndpoint handleNotification
WARNING: Notification threw an exception: {
  "jsonrpc": "2.0",
  "method": "metals/didFocusTextDocument",
  "params": [
    "class:/Users/cccllc/Desktop/SE%20350/FinanceHelper/target/classes/com/financehelper/command/CommandInvoker.class"
  ]
}
java.nio.file.FileSystemNotFoundException: Provider "class" not installed
	at java.base/java.nio.file.Path.of(Path.java:210)
	at java.base/java.nio.file.Paths.get(Paths.java:95)
	at scala.meta.internal.mtags.MtagsEnrichments$XtensionURIMtags.toAbsolutePath(MtagsEnrichments.scala:149)
	at scala.meta.internal.mtags.MtagsEnrichments$XtensionStringMtags.toAbsolutePath(MtagsEnrichments.scala:209)
	at scala.meta.internal.metals.MetalsEnrichments$XtensionString.toAbsolutePath(MetalsEnrichments.scala:787)
	at scala.meta.internal.metals.MetalsEnrichments$XtensionString.toAbsolutePath(MetalsEnrichments.scala:784)
	at scala.meta.internal.metals.WorkspaceLspService.didFocus(WorkspaceLspService.scala:808)
	at scala.meta.metals.lsp.DelegatingScalaService.didFocus(DelegatingScalaService.scala:42)
	at java.base/jdk.internal.reflect.DirectMethodHandleAccessor.invoke(DirectMethodHandleAccessor.java:104)
	at java.base/java.lang.reflect.Method.invoke(Method.java:565)
	at org.eclipse.lsp4j.jsonrpc.services.GenericEndpoint.lambda$recursiveFindRpcMethods$0(GenericEndpoint.java:65)
	at org.eclipse.lsp4j.jsonrpc.services.GenericEndpoint.notify(GenericEndpoint.java:160)
	at org.eclipse.lsp4j.jsonrpc.RemoteEndpoint.handleNotification(RemoteEndpoint.java:225)
	at org.eclipse.lsp4j.jsonrpc.RemoteEndpoint.consume(RemoteEndpoint.java:192)
	at org.eclipse.lsp4j.jsonrpc.json.StreamMessageProducer.handleMessage(StreamMessageProducer.java:189)
	at org.eclipse.lsp4j.jsonrpc.json.StreamMessageProducer.listen(StreamMessageProducer.java:97)
	at org.eclipse.lsp4j.jsonrpc.json.ConcurrentMessageProcessor.run(ConcurrentMessageProcessor.java:97)
	at java.base/java.util.concurrent.Executors$RunnableAdapter.call(Executors.java:545)
	at java.base/java.util.concurrent.FutureTask.run(FutureTask.java:328)
	at java.base/java.util.concurrent.ThreadPoolExecutor.runWorker(ThreadPoolExecutor.java:1095)
	at java.base/java.util.concurrent.ThreadPoolExecutor$Worker.run(ThreadPoolExecutor.java:619)
	at java.base/java.lang.Thread.run(Thread.java:1447)

Jun 08, 2026 10:18:30 PM org.eclipse.lsp4j.jsonrpc.RemoteEndpoint handleNotification
WARNING: Notification threw an exception: {
  "jsonrpc": "2.0",
  "method": "metals/didFocusTextDocument",
  "params": [
    "class:/Users/cccllc/Desktop/SE%20350/FinanceHelper/target/classes/com/financehelper/command/CommandInvoker.class"
  ]
}
java.nio.file.FileSystemNotFoundException: Provider "class" not installed
	at java.base/java.nio.file.Path.of(Path.java:210)
	at java.base/java.nio.file.Paths.get(Paths.java:95)
	at scala.meta.internal.mtags.MtagsEnrichments$XtensionURIMtags.toAbsolutePath(MtagsEnrichments.scala:149)
	at scala.meta.internal.mtags.MtagsEnrichments$XtensionStringMtags.toAbsolutePath(MtagsEnrichments.scala:209)
	at scala.meta.internal.metals.MetalsEnrichments$XtensionString.toAbsolutePath(MetalsEnrichments.scala:787)
	at scala.meta.internal.metals.MetalsEnrichments$XtensionString.toAbsolutePath(MetalsEnrichments.scala:784)
	at scala.meta.internal.metals.WorkspaceLspService.didFocus(WorkspaceLspService.scala:808)
	at scala.meta.metals.lsp.DelegatingScalaService.didFocus(DelegatingScalaService.scala:42)
	at java.base/jdk.internal.reflect.DirectMethodHandleAccessor.invoke(DirectMethodHandleAccessor.java:104)
	at java.base/java.lang.reflect.Method.invoke(Method.java:565)
	at org.eclipse.lsp4j.jsonrpc.services.GenericEndpoint.lambda$recursiveFindRpcMethods$0(GenericEndpoint.java:65)
	at org.eclipse.lsp4j.jsonrpc.services.GenericEndpoint.notify(GenericEndpoint.java:160)
	at org.eclipse.lsp4j.jsonrpc.RemoteEndpoint.handleNotification(RemoteEndpoint.java:225)
	at org.eclipse.lsp4j.jsonrpc.RemoteEndpoint.consume(RemoteEndpoint.java:192)
	at org.eclipse.lsp4j.jsonrpc.json.StreamMessageProducer.handleMessage(StreamMessageProducer.java:189)
	at org.eclipse.lsp4j.jsonrpc.json.StreamMessageProducer.listen(StreamMessageProducer.java:97)
	at org.eclipse.lsp4j.jsonrpc.json.ConcurrentMessageProcessor.run(ConcurrentMessageProcessor.java:97)
	at java.base/java.util.concurrent.Executors$RunnableAdapter.call(Executors.java:545)
	at java.base/java.util.concurrent.FutureTask.run(FutureTask.java:328)
	at java.base/java.util.concurrent.ThreadPoolExecutor.runWorker(ThreadPoolExecutor.java:1095)
	at java.base/java.util.concurrent.ThreadPoolExecutor$Worker.run(ThreadPoolExecutor.java:619)
	at java.base/java.lang.Thread.run(Thread.java:1447)

Jun 08, 2026 10:18:30 PM org.eclipse.lsp4j.jsonrpc.RemoteEndpoint handleNotification
WARNING: Notification threw an exception: {
  "jsonrpc": "2.0",
  "method": "metals/didFocusTextDocument",
  "params": [
    "class:/Users/cccllc/Desktop/SE%20350/FinanceHelper/target/classes/com/financehelper/decorator/ThrottledObserverDecorator.class"
  ]
}
java.nio.file.FileSystemNotFoundException: Provider "class" not installed
	at java.base/java.nio.file.Path.of(Path.java:210)
	at java.base/java.nio.file.Paths.get(Paths.java:95)
	at scala.meta.internal.mtags.MtagsEnrichments$XtensionURIMtags.toAbsolutePath(MtagsEnrichments.scala:149)
	at scala.meta.internal.mtags.MtagsEnrichments$XtensionStringMtags.toAbsolutePath(MtagsEnrichments.scala:209)
	at scala.meta.internal.metals.MetalsEnrichments$XtensionString.toAbsolutePath(MetalsEnrichments.scala:787)
	at scala.meta.internal.metals.MetalsEnrichments$XtensionString.toAbsolutePath(MetalsEnrichments.scala:784)
	at scala.meta.internal.metals.WorkspaceLspService.didFocus(WorkspaceLspService.scala:808)
	at scala.meta.metals.lsp.DelegatingScalaService.didFocus(DelegatingScalaService.scala:42)
	at java.base/jdk.internal.reflect.DirectMethodHandleAccessor.invoke(DirectMethodHandleAccessor.java:104)
	at java.base/java.lang.reflect.Method.invoke(Method.java:565)
	at org.eclipse.lsp4j.jsonrpc.services.GenericEndpoint.lambda$recursiveFindRpcMethods$0(GenericEndpoint.java:65)
	at org.eclipse.lsp4j.jsonrpc.services.GenericEndpoint.notify(GenericEndpoint.java:160)
	at org.eclipse.lsp4j.jsonrpc.RemoteEndpoint.handleNotification(RemoteEndpoint.java:225)
	at org.eclipse.lsp4j.jsonrpc.RemoteEndpoint.consume(RemoteEndpoint.java:192)
	at org.eclipse.lsp4j.jsonrpc.json.StreamMessageProducer.handleMessage(StreamMessageProducer.java:189)
	at org.eclipse.lsp4j.jsonrpc.json.StreamMessageProducer.listen(StreamMessageProducer.java:97)
	at org.eclipse.lsp4j.jsonrpc.json.ConcurrentMessageProcessor.run(ConcurrentMessageProcessor.java:97)
	at java.base/java.util.concurrent.Executors$RunnableAdapter.call(Executors.java:545)
	at java.base/java.util.concurrent.FutureTask.run(FutureTask.java:328)
	at java.base/java.util.concurrent.ThreadPoolExecutor.runWorker(ThreadPoolExecutor.java:1095)
	at java.base/java.util.concurrent.ThreadPoolExecutor$Worker.run(ThreadPoolExecutor.java:619)
	at java.base/java.lang.Thread.run(Thread.java:1447)

Jun 08, 2026 10:18:31 PM org.eclipse.lsp4j.jsonrpc.RemoteEndpoint handleNotification
WARNING: Notification threw an exception: {
  "jsonrpc": "2.0",
  "method": "metals/didFocusTextDocument",
  "params": [
    "class:/Users/cccllc/Desktop/SE%20350/FinanceHelper/target/classes/com/financehelper/decorator/ThrottledObserverDecorator.class"
  ]
}
java.nio.file.FileSystemNotFoundException: Provider "class" not installed
	at java.base/java.nio.file.Path.of(Path.java:210)
	at java.base/java.nio.file.Paths.get(Paths.java:95)
	at scala.meta.internal.mtags.MtagsEnrichments$XtensionURIMtags.toAbsolutePath(MtagsEnrichments.scala:149)
	at scala.meta.internal.mtags.MtagsEnrichments$XtensionStringMtags.toAbsolutePath(MtagsEnrichments.scala:209)
	at scala.meta.internal.metals.MetalsEnrichments$XtensionString.toAbsolutePath(MetalsEnrichments.scala:787)
	at scala.meta.internal.metals.MetalsEnrichments$XtensionString.toAbsolutePath(MetalsEnrichments.scala:784)
	at scala.meta.internal.metals.WorkspaceLspService.didFocus(WorkspaceLspService.scala:808)
	at scala.meta.metals.lsp.DelegatingScalaService.didFocus(DelegatingScalaService.scala:42)
	at java.base/jdk.internal.reflect.DirectMethodHandleAccessor.invoke(DirectMethodHandleAccessor.java:104)
	at java.base/java.lang.reflect.Method.invoke(Method.java:565)
	at org.eclipse.lsp4j.jsonrpc.services.GenericEndpoint.lambda$recursiveFindRpcMethods$0(GenericEndpoint.java:65)
	at org.eclipse.lsp4j.jsonrpc.services.GenericEndpoint.notify(GenericEndpoint.java:160)
	at org.eclipse.lsp4j.jsonrpc.RemoteEndpoint.handleNotification(RemoteEndpoint.java:225)
	at org.eclipse.lsp4j.jsonrpc.RemoteEndpoint.consume(RemoteEndpoint.java:192)
	at org.eclipse.lsp4j.jsonrpc.json.StreamMessageProducer.handleMessage(StreamMessageProducer.java:189)
	at org.eclipse.lsp4j.jsonrpc.json.StreamMessageProducer.listen(StreamMessageProducer.java:97)
	at org.eclipse.lsp4j.jsonrpc.json.ConcurrentMessageProcessor.run(ConcurrentMessageProcessor.java:97)
	at java.base/java.util.concurrent.Executors$RunnableAdapter.call(Executors.java:545)
	at java.base/java.util.concurrent.FutureTask.run(FutureTask.java:328)
	at java.base/java.util.concurrent.ThreadPoolExecutor.runWorker(ThreadPoolExecutor.java:1095)
	at java.base/java.util.concurrent.ThreadPoolExecutor$Worker.run(ThreadPoolExecutor.java:619)
	at java.base/java.lang.Thread.run(Thread.java:1447)

Jun 08, 2026 10:18:31 PM org.eclipse.lsp4j.jsonrpc.RemoteEndpoint handleNotification
WARNING: Notification threw an exception: {
  "jsonrpc": "2.0",
  "method": "metals/didFocusTextDocument",
  "params": [
    "class:/Users/cccllc/Desktop/SE%20350/FinanceHelper/target/classes/com/financehelper/decorator/LoggingObserverDecorator.class"
  ]
}
java.nio.file.FileSystemNotFoundException: Provider "class" not installed
	at java.base/java.nio.file.Path.of(Path.java:210)
	at java.base/java.nio.file.Paths.get(Paths.java:95)
	at scala.meta.internal.mtags.MtagsEnrichments$XtensionURIMtags.toAbsolutePath(MtagsEnrichments.scala:149)
	at scala.meta.internal.mtags.MtagsEnrichments$XtensionStringMtags.toAbsolutePath(MtagsEnrichments.scala:209)
	at scala.meta.internal.metals.MetalsEnrichments$XtensionString.toAbsolutePath(MetalsEnrichments.scala:787)
	at scala.meta.internal.metals.MetalsEnrichments$XtensionString.toAbsolutePath(MetalsEnrichments.scala:784)
	at scala.meta.internal.metals.WorkspaceLspService.didFocus(WorkspaceLspService.scala:808)
	at scala.meta.metals.lsp.DelegatingScalaService.didFocus(DelegatingScalaService.scala:42)
	at java.base/jdk.internal.reflect.DirectMethodHandleAccessor.invoke(DirectMethodHandleAccessor.java:104)
	at java.base/java.lang.reflect.Method.invoke(Method.java:565)
	at org.eclipse.lsp4j.jsonrpc.services.GenericEndpoint.lambda$recursiveFindRpcMethods$0(GenericEndpoint.java:65)
	at org.eclipse.lsp4j.jsonrpc.services.GenericEndpoint.notify(GenericEndpoint.java:160)
	at org.eclipse.lsp4j.jsonrpc.RemoteEndpoint.handleNotification(RemoteEndpoint.java:225)
	at org.eclipse.lsp4j.jsonrpc.RemoteEndpoint.consume(RemoteEndpoint.java:192)
	at org.eclipse.lsp4j.jsonrpc.json.StreamMessageProducer.handleMessage(StreamMessageProducer.java:189)
	at org.eclipse.lsp4j.jsonrpc.json.StreamMessageProducer.listen(StreamMessageProducer.java:97)
	at org.eclipse.lsp4j.jsonrpc.json.ConcurrentMessageProcessor.run(ConcurrentMessageProcessor.java:97)
	at java.base/java.util.concurrent.Executors$RunnableAdapter.call(Executors.java:545)
	at java.base/java.util.concurrent.FutureTask.run(FutureTask.java:328)
	at java.base/java.util.concurrent.ThreadPoolExecutor.runWorker(ThreadPoolExecutor.java:1095)
	at java.base/java.util.concurrent.ThreadPoolExecutor$Worker.run(ThreadPoolExecutor.java:619)
	at java.base/java.lang.Thread.run(Thread.java:1447)

Jun 08, 2026 10:19:02 PM org.eclipse.lsp4j.jsonrpc.RemoteEndpoint handleNotification
WARNING: Notification threw an exception: {
  "jsonrpc": "2.0",
  "method": "metals/didFocusTextDocument",
  "params": [
    "class:/Users/cccllc/Desktop/SE%20350/FinanceHelper/target/classes/com/financehelper/decorator/LoggingObserverDecorator.class"
  ]
}
java.nio.file.FileSystemNotFoundException: Provider "class" not installed
	at java.base/java.nio.file.Path.of(Path.java:210)
	at java.base/java.nio.file.Paths.get(Paths.java:95)
	at scala.meta.internal.mtags.MtagsEnrichments$XtensionURIMtags.toAbsolutePath(MtagsEnrichments.scala:149)
	at scala.meta.internal.mtags.MtagsEnrichments$XtensionStringMtags.toAbsolutePath(MtagsEnrichments.scala:209)
	at scala.meta.internal.metals.MetalsEnrichments$XtensionString.toAbsolutePath(MetalsEnrichments.scala:787)
	at scala.meta.internal.metals.MetalsEnrichments$XtensionString.toAbsolutePath(MetalsEnrichments.scala:784)
	at scala.meta.internal.metals.WorkspaceLspService.didFocus(WorkspaceLspService.scala:808)
	at scala.meta.metals.lsp.DelegatingScalaService.didFocus(DelegatingScalaService.scala:42)
	at java.base/jdk.internal.reflect.DirectMethodHandleAccessor.invoke(DirectMethodHandleAccessor.java:104)
	at java.base/java.lang.reflect.Method.invoke(Method.java:565)
	at org.eclipse.lsp4j.jsonrpc.services.GenericEndpoint.lambda$recursiveFindRpcMethods$0(GenericEndpoint.java:65)
	at org.eclipse.lsp4j.jsonrpc.services.GenericEndpoint.notify(GenericEndpoint.java:160)
	at org.eclipse.lsp4j.jsonrpc.RemoteEndpoint.handleNotification(RemoteEndpoint.java:225)
	at org.eclipse.lsp4j.jsonrpc.RemoteEndpoint.consume(RemoteEndpoint.java:192)
	at org.eclipse.lsp4j.jsonrpc.json.StreamMessageProducer.handleMessage(StreamMessageProducer.java:189)
	at org.eclipse.lsp4j.jsonrpc.json.StreamMessageProducer.listen(StreamMessageProducer.java:97)
	at org.eclipse.lsp4j.jsonrpc.json.ConcurrentMessageProcessor.run(ConcurrentMessageProcessor.java:97)
	at java.base/java.util.concurrent.Executors$RunnableAdapter.call(Executors.java:545)
	at java.base/java.util.concurrent.FutureTask.run(FutureTask.java:328)
	at java.base/java.util.concurrent.ThreadPoolExecutor.runWorker(ThreadPoolExecutor.java:1095)
	at java.base/java.util.concurrent.ThreadPoolExecutor$Worker.run(ThreadPoolExecutor.java:619)
	at java.base/java.lang.Thread.run(Thread.java:1447)

2026.06.09 07:01:34 INFO  no build target found for /Users/cccllc/Desktop/SE 350/FinanceHelper/src/main/java/com/financehelper/Main.java. Using fallback presentation compiler.
2026.06.09 07:01:34 WARN  no build target for: /Users/cccllc/Desktop/SE 350/FinanceHelper/src/main/java/com/financehelper/Main.java
2026.06.09 07:01:34 INFO  no build target found for /Users/cccllc/Desktop/SE 350/FinanceHelper/src/main/java/com/financehelper/Main.java. Using fallback presentation compiler.
2026.06.09 07:01:35 INFO  no build target found for /Users/cccllc/Desktop/SE 350/FinanceHelper/src/main/java/com/financehelper/Main.java. Using fallback presentation compiler.
2026.06.09 07:01:37 INFO  no build target found for /Users/cccllc/Desktop/SE 350/FinanceHelper/src/main/java/com/financehelper/Main.java. Using fallback presentation compiler.
2026.06.09 07:01:38 INFO  no build target found for /Users/cccllc/Desktop/SE 350/FinanceHelper/src/main/java/com/financehelper/ui/ConsoleUI.java. Using fallback presentation compiler.
2026.06.09 07:01:38 WARN  no build target for: /Users/cccllc/Desktop/SE 350/FinanceHelper/src/main/java/com/financehelper/ui/ConsoleUI.java
2026.06.09 07:01:39 INFO  no build target found for /Users/cccllc/Desktop/SE 350/FinanceHelper/src/main/java/com/financehelper/ui/ConsoleUI.java. Using fallback presentation compiler.
2026.06.09 07:01:38 INFO  no build target found for /Users/cccllc/Desktop/SE 350/FinanceHelper/src/main/java/com/financehelper/ui/ConsoleUI.java. Using fallback presentation compiler.
2026.06.09 07:01:38 INFO  no build target found for /Users/cccllc/Desktop/SE 350/FinanceHelper/src/main/java/com/financehelper/ui/ConsoleUI.java. Using fallback presentation compiler.
2026.06.09 07:01:43 INFO  no build target found for /Users/cccllc/Desktop/SE 350/FinanceHelper/src/main/java/com/financehelper/ui/ConsoleUI.java. Using fallback presentation compiler.
2026.06.09 07:03:35 INFO  Shutting down server
2026.06.09 07:03:35 INFO  Memory monitor stopped
2026.06.09 07:03:35 INFO  shutting down Metals
2026.06.09 07:03:35 INFO  Exiting server
2026.06.09 07:03:35 ERROR Unexpected error initializing server: 
org.eclipse.lsp4j.jsonrpc.ResponseErrorException: Request window/showMessageRequest failed with message: Canceled
	at org.eclipse.lsp4j.jsonrpc.RemoteEndpoint.handleResponse(RemoteEndpoint.java:214)
	at org.eclipse.lsp4j.jsonrpc.RemoteEndpoint.consume(RemoteEndpoint.java:198)
	at org.eclipse.lsp4j.jsonrpc.json.StreamMessageProducer.handleMessage(StreamMessageProducer.java:189)
	at org.eclipse.lsp4j.jsonrpc.json.StreamMessageProducer.listen(StreamMessageProducer.java:97)
	at org.eclipse.lsp4j.jsonrpc.json.ConcurrentMessageProcessor.run(ConcurrentMessageProcessor.java:97)
	at java.util.concurrent.Executors$RunnableAdapter.call(Executors.java:545)
	at java.util.concurrent.FutureTask.run(FutureTask.java:328)
	at java.util.concurrent.ThreadPoolExecutor.runWorker(ThreadPoolExecutor.java:1095)
	at java.util.concurrent.ThreadPoolExecutor$Worker.run(ThreadPoolExecutor.java:619)
	at java.lang.Thread.run(Thread.java:1447)
2026.06.09 09:17:10 INFO  Started: Metals version 1.6.7 in folders '/Users/cccllc/Desktop/SE 350/FinanceHelper' for client Visual Studio Code 1.123.0.
2026.06.09 09:17:10 INFO  Memory monitor started
2026.06.09 09:17:10 WARN  Using H2 2.4.240 which is newer than the version Flyway has been verified with. The latest verified version of H2 is 2.3.232.
2026.06.09 09:17:10 INFO  no build target found for /Users/cccllc/Desktop/SE 350/FinanceHelper/src/main/java/com/financehelper/ui/ConsoleUI.java. Using fallback presentation compiler.
2026.06.09 09:17:10 INFO  no build target found for /Users/cccllc/Desktop/SE 350/FinanceHelper/src/main/java/com/financehelper/ui/ConsoleUI.java. Using fallback presentation compiler.
2026.06.09 09:17:12 INFO  no build target found for /Users/cccllc/Desktop/SE 350/FinanceHelper/src/main/java/com/financehelper/ui/ConsoleUI.java. Using fallback presentation compiler.
2026.06.09 09:17:12 INFO  no build target found for /Users/cccllc/Desktop/SE 350/FinanceHelper/src/main/java/com/financehelper/ui/ConsoleUI.java. Using fallback presentation compiler.
2026.06.09 09:17:12 INFO  no build target found for /Users/cccllc/Desktop/SE 350/FinanceHelper/src/main/java/com/financehelper/ui/ConsoleUI.java. Using fallback presentation compiler.
2026.06.09 09:17:12 INFO  no build target found for /Users/cccllc/Desktop/SE 350/FinanceHelper/src/main/java/com/financehelper/ui/ConsoleUI.java. Using fallback presentation compiler.
Jun 09, 2026 9:17:12 AM org.eclipse.lsp4j.jsonrpc.RemoteEndpoint handleCancellation
WARNING: Unmatched cancel notification for request id 9
Jun 09, 2026 9:17:12 AM org.eclipse.lsp4j.jsonrpc.RemoteEndpoint handleCancellation
WARNING: Unmatched cancel notification for request id 11
2026.06.09 09:17:12 INFO  no build target found for /Users/cccllc/Desktop/SE 350/FinanceHelper/src/main/java/com/financehelper/ui/ConsoleUI.java. Using fallback presentation compiler.
2026.06.09 09:17:12 INFO  no build target found for /Users/cccllc/Desktop/SE 350/FinanceHelper/src/main/java/com/financehelper/ui/ConsoleUI.java. Using fallback presentation compiler.
Jun 09, 2026 9:17:13 AM org.eclipse.lsp4j.jsonrpc.RemoteEndpoint handleCancellation
WARNING: Unmatched cancel notification for request id 15
2026.06.09 09:17:12 INFO  no build target found for /Users/cccllc/Desktop/SE 350/FinanceHelper/src/main/java/com/financehelper/ui/ConsoleUI.java. Using fallback presentation compiler.
2026.06.09 09:17:13 INFO  no build target found for /Users/cccllc/Desktop/SE 350/FinanceHelper/src/main/java/com/financehelper/ui/ConsoleUI.java. Using fallback presentation compiler.
Jun 09, 2026 9:17:13 AM org.eclipse.lsp4j.jsonrpc.RemoteEndpoint handleCancellation
WARNING: Unmatched cancel notification for request id 18
2026.06.09 09:17:13 INFO  no build target found for /Users/cccllc/Desktop/SE 350/FinanceHelper/src/main/java/com/financehelper/ui/ConsoleUI.java. Using fallback presentation compiler.
2026.06.09 09:17:14 INFO  no build target found for /Users/cccllc/Desktop/SE 350/FinanceHelper/src/main/java/com/financehelper/ui/ConsoleUI.java. Using fallback presentation compiler.
2026.06.09 09:18:14 INFO  no build target found for /Users/cccllc/Desktop/SE 350/FinanceHelper/src/main/java/com/financehelper/ui/ConsoleUI.java. Using fallback presentation compiler.
2026.06.09 09:18:14 INFO  no build target found for /Users/cccllc/Desktop/SE 350/FinanceHelper/src/main/java/com/financehelper/ui/ConsoleUI.java. Using fallback presentation compiler.
2026.06.09 09:18:14 INFO  no build target found for /Users/cccllc/Desktop/SE 350/FinanceHelper/src/main/java/com/financehelper/ui/ConsoleUI.java. Using fallback presentation compiler.
2026.06.09 09:18:14 INFO  no build target found for /Users/cccllc/Desktop/SE 350/FinanceHelper/src/main/java/com/financehelper/ui/ConsoleUI.java. Using fallback presentation compiler.
2026.06.09 09:18:15 INFO  no build target found for /Users/cccllc/Desktop/SE 350/FinanceHelper/src/main/java/com/financehelper/ui/ConsoleUI.java. Using fallback presentation compiler.
2026.06.09 09:18:15 INFO  no build target found for /Users/cccllc/Desktop/SE 350/FinanceHelper/src/main/java/com/financehelper/ui/ConsoleUI.java. Using fallback presentation compiler.
2026.06.09 09:18:15 INFO  no build target found for /Users/cccllc/Desktop/SE 350/FinanceHelper/src/main/java/com/financehelper/ui/ConsoleUI.java. Using fallback presentation compiler.
2026.06.09 09:18:17 INFO  no build target found for /Users/cccllc/Desktop/SE 350/FinanceHelper/src/main/java/com/financehelper/ui/ConsoleUI.java. Using fallback presentation compiler.
2026.06.09 09:18:17 INFO  no build target found for /Users/cccllc/Desktop/SE 350/FinanceHelper/src/main/java/com/financehelper/ui/ConsoleUI.java. Using fallback presentation compiler.
2026.06.09 09:18:19 INFO  no build target found for /Users/cccllc/Desktop/SE 350/FinanceHelper/src/main/java/com/financehelper/ui/ConsoleUI.java. Using fallback presentation compiler.
2026.06.09 09:18:19 INFO  no build target found for /Users/cccllc/Desktop/SE 350/FinanceHelper/src/main/java/com/financehelper/ui/ConsoleUI.java. Using fallback presentation compiler.
2026.06.09 09:18:19 INFO  no build target found for /Users/cccllc/Desktop/SE 350/FinanceHelper/src/main/java/com/financehelper/ui/ConsoleUI.java. Using fallback presentation compiler.
2026.06.09 09:18:19 INFO  no build target found for /Users/cccllc/Desktop/SE 350/FinanceHelper/src/main/java/com/financehelper/ui/ConsoleUI.java. Using fallback presentation compiler.
2026.06.09 09:18:23 INFO  no build target found for /Users/cccllc/Desktop/SE 350/FinanceHelper/src/main/java/com/financehelper/ui/ConsoleUI.java. Using fallback presentation compiler.
2026.06.09 09:18:24 INFO  no build target found for /Users/cccllc/Desktop/SE 350/FinanceHelper/src/main/java/com/financehelper/ui/ConsoleUI.java. Using fallback presentation compiler.
2026.06.09 09:18:24 INFO  no build target found for /Users/cccllc/Desktop/SE 350/FinanceHelper/src/main/java/com/financehelper/ui/ConsoleUI.java. Using fallback presentation compiler.
2026.06.09 09:18:24 INFO  no build target found for /Users/cccllc/Desktop/SE 350/FinanceHelper/src/main/java/com/financehelper/ui/ConsoleUI.java. Using fallback presentation compiler.
2026.06.09 09:18:26 INFO  no build target found for /Users/cccllc/Desktop/SE 350/FinanceHelper/src/main/java/com/financehelper/ui/ConsoleUI.java. Using fallback presentation compiler.
2026.06.09 09:18:26 INFO  no build target found for /Users/cccllc/Desktop/SE 350/FinanceHelper/src/main/java/com/financehelper/ui/ConsoleUI.java. Using fallback presentation compiler.
2026.06.09 09:18:27 INFO  no build target found for /Users/cccllc/Desktop/SE 350/FinanceHelper/src/main/java/com/financehelper/ui/ConsoleUI.java. Using fallback presentation compiler.
2026.06.09 09:18:28 INFO  no build target found for /Users/cccllc/Desktop/SE 350/FinanceHelper/src/main/java/com/financehelper/ui/ConsoleUI.java. Using fallback presentation compiler.
2026.06.09 09:18:27 INFO  no build target found for /Users/cccllc/Desktop/SE 350/FinanceHelper/src/main/java/com/financehelper/ui/ConsoleUI.java. Using fallback presentation compiler.
2026.06.09 09:18:28 INFO  no build target found for /Users/cccllc/Desktop/SE 350/FinanceHelper/src/main/java/com/financehelper/ui/ConsoleUI.java. Using fallback presentation compiler.
2026.06.09 09:18:28 INFO  no build target found for /Users/cccllc/Desktop/SE 350/FinanceHelper/src/main/java/com/financehelper/ui/ConsoleUI.java. Using fallback presentation compiler.
2026.06.09 09:18:29 INFO  no build target found for /Users/cccllc/Desktop/SE 350/FinanceHelper/src/main/java/com/financehelper/ui/ConsoleUI.java. Using fallback presentation compiler.
2026.06.09 09:18:31 INFO  no build target found for /Users/cccllc/Desktop/SE 350/FinanceHelper/src/main/java/com/financehelper/ui/ConsoleUI.java. Using fallback presentation compiler.
2026.06.09 09:18:31 INFO  no build target found for /Users/cccllc/Desktop/SE 350/FinanceHelper/src/main/java/com/financehelper/ui/ConsoleUI.java. Using fallback presentation compiler.
2026.06.09 09:18:44 WARN  no build target for: /Users/cccllc/Desktop/SE 350/FinanceHelper/src/main/java/com/financehelper/ui/ConsoleUI.java
2026.06.09 09:18:44 INFO  no build target found for /Users/cccllc/Desktop/SE 350/FinanceHelper/src/main/java/com/financehelper/ui/ConsoleUI.java. Using fallback presentation compiler.
2026.06.09 09:18:44 WARN  Running javac-semanticdb failed for file:///Users/cccllc/Desktop/SE%20350/FinanceHelper/src/main/java/com/financehelper/ui/ConsoleUI.java. Output:

2026.06.09 09:18:46 INFO  no build target found for /Users/cccllc/Desktop/SE 350/FinanceHelper/src/main/java/com/financehelper/Main.java. Using fallback presentation compiler.
2026.06.09 09:18:47 INFO  no build target found for /Users/cccllc/Desktop/SE 350/FinanceHelper/src/main/java/com/financehelper/Main.java. Using fallback presentation compiler.
2026.06.09 09:18:54 INFO  no build target found for /Users/cccllc/Desktop/SE 350/FinanceHelper/src/main/java/com/financehelper/Main.java. Using fallback presentation compiler.
2026.06.09 09:18:54 INFO  no build target found for /Users/cccllc/Desktop/SE 350/FinanceHelper/src/main/java/com/financehelper/Main.java. Using fallback presentation compiler.
2026.06.09 10:20:49 INFO  no build target found for /Users/cccllc/Desktop/SE 350/FinanceHelper/src/main/java/com/financehelper/ui/ConsoleUI_usage.java. Using fallback presentation compiler.
2026.06.09 10:20:49 INFO  no build target found for /Users/cccllc/Desktop/SE 350/FinanceHelper/src/main/java/com/financehelper/ui/ConsoleUI_usage.java. Using fallback presentation compiler.
2026.06.09 10:20:49 INFO  no build target found for /Users/cccllc/Desktop/SE 350/FinanceHelper/src/main/java/com/financehelper/ui/ConsoleUI_usage.java. Using fallback presentation compiler.
2026.06.09 10:20:49 INFO  no build target found for /Users/cccllc/Desktop/SE 350/FinanceHelper/src/main/java/com/financehelper/ui/ConsoleUI_usage.java. Using fallback presentation compiler.
2026.06.09 10:20:53 INFO  no build target found for /Users/cccllc/Desktop/SE 350/FinanceHelper/src/main/java/com/financehelper/ui/ConsoleUI_usage.java. Using fallback presentation compiler.
2026.06.09 10:20:55 INFO  no build target found for /Users/cccllc/Desktop/SE 350/FinanceHelper/src/main/java/com/financehelper/ui/ConsoleUI_usage.java. Using fallback presentation compiler.
2026.06.09 10:20:56 INFO  no build target found for /Users/cccllc/Desktop/SE 350/FinanceHelper/src/main/java/com/financehelper/ui/ConsoleUI_usage.java. Using fallback presentation compiler.
2026.06.09 10:20:56 INFO  no build target found for /Users/cccllc/Desktop/SE 350/FinanceHelper/src/main/java/com/financehelper/ui/ConsoleUI_usage.java. Using fallback presentation compiler.
2026.06.09 10:20:57 WARN  Running javac-semanticdb failed for file:///Users/cccllc/Desktop/SE%20350/FinanceHelper/src/main/java/com/financehelper/ui/ConsoleUI_usage.java. Output:

2026.06.09 10:20:57 INFO  Created report: Optional[file:///Users/cccllc/Desktop/SE%20350/FinanceHelper/src/main/java/com/financehelper/ui/ConsoleUI_usage.java]
2026.06.09 10:20:57 INFO  QDox parse error in file:///Users/cccllc/Desktop/SE%20350/FinanceHelper/src/main/java/com/financehelper/ui/ConsoleUI_usage.java (full report at: "/Users/cccllc/Desktop/SE 350/FinanceHelper/.metals/.reports/metals-full/2026-06-09/r_qdox-error_10-20-57-836.md")
2026.06.09 10:20:57 INFO  no build target found for /Users/cccllc/Desktop/SE 350/FinanceHelper/src/main/java/com/financehelper/ui/ConsoleUI_usage.java. Using fallback presentation compiler.
2026.06.09 10:20:57 INFO  QDox parse error in file:///Users/cccllc/Desktop/SE%20350/FinanceHelper/src/main/java/com/financehelper/ui/ConsoleUI_usage.java (full report at: "/Users/cccllc/Desktop/SE 350/FinanceHelper/.metals/.reports/metals-full/2026-06-09/r_qdox-error_10-20-57-836.md")
2026.06.09 10:20:57 INFO  no build target found for /Users/cccllc/Desktop/SE 350/FinanceHelper/src/main/java/com/financehelper/ui/ConsoleUI_usage.java. Using fallback presentation compiler.
2026.06.09 10:20:57 INFO  QDox parse error in file:///Users/cccllc/Desktop/SE%20350/FinanceHelper/src/main/java/com/financehelper/ui/ConsoleUI_usage.java (full report at: "/Users/cccllc/Desktop/SE 350/FinanceHelper/.metals/.reports/metals-full/2026-06-09/r_qdox-error_10-20-57-836.md")
2026.06.09 10:20:57 INFO  no build target found for /Users/cccllc/Desktop/SE 350/FinanceHelper/src/main/java/com/financehelper/ui/ConsoleUI_usage.java. Using fallback presentation compiler.
2026.06.09 10:20:57 INFO  QDox parse error in file:///Users/cccllc/Desktop/SE%20350/FinanceHelper/src/main/java/com/financehelper/ui/ConsoleUI_usage.java (full report at: "/Users/cccllc/Desktop/SE 350/FinanceHelper/.metals/.reports/metals-full/2026-06-09/r_qdox-error_10-20-57-836.md")
2026.06.09 10:20:57 INFO  QDox parse error in file:///Users/cccllc/Desktop/SE%20350/FinanceHelper/src/main/java/com/financehelper/ui/ConsoleUI_usage.java (full report at: "/Users/cccllc/Desktop/SE 350/FinanceHelper/.metals/.reports/metals-full/2026-06-09/r_qdox-error_10-20-57-836.md")
2026.06.09 10:20:57 INFO  QDox parse error in file:///Users/cccllc/Desktop/SE%20350/FinanceHelper/src/main/java/com/financehelper/ui/ConsoleUI_usage.java (full report at: "/Users/cccllc/Desktop/SE 350/FinanceHelper/.metals/.reports/metals-full/2026-06-09/r_qdox-error_10-20-57-836.md")
2026.06.09 10:20:57 INFO  Created report: Optional[file:///Users/cccllc/Desktop/SE%20350/FinanceHelper/src/main/java/com/financehelper/ui/ConsoleUI_usage.java]
2026.06.09 10:20:57 INFO  empty definition using pc, found symbol in pc: _empty_/VariableExpenseFactory# (full report at: "/Users/cccllc/Desktop/SE 350/FinanceHelper/.metals/.reports/metals-full/2026-06-09/r_empty-definition_10-20-57-908.md")
2026.06.09 10:20:57 INFO  Created report: Optional[file:///Users/cccllc/Desktop/SE%20350/FinanceHelper/src/main/java/com/financehelper/ui/ConsoleUI_usage.java]
2026.06.09 10:20:57 INFO  empty definition using pc, found symbol in pc: _empty_/FixedExpenseFactory# (full report at: "/Users/cccllc/Desktop/SE 350/FinanceHelper/.metals/.reports/metals-full/2026-06-09/r_empty-definition_10-20-57-908.md")
2026.06.09 10:20:57 INFO  QDox parse error in file:///Users/cccllc/Desktop/SE%20350/FinanceHelper/src/main/java/com/financehelper/ui/ConsoleUI_usage.java (full report at: "/Users/cccllc/Desktop/SE 350/FinanceHelper/.metals/.reports/metals-full/2026-06-09/r_qdox-error_10-20-57-836.md")
2026.06.09 10:20:57 INFO  no build target found for /Users/cccllc/Desktop/SE 350/FinanceHelper/src/main/java/com/financehelper/ui/ConsoleUI_usage.java. Using fallback presentation compiler.
2026.06.09 10:20:57 INFO  QDox parse error in file:///Users/cccllc/Desktop/SE%20350/FinanceHelper/src/main/java/com/financehelper/ui/ConsoleUI_usage.java (full report at: "/Users/cccllc/Desktop/SE 350/FinanceHelper/.metals/.reports/metals-full/2026-06-09/r_qdox-error_10-20-57-836.md")
2026.06.09 10:20:57 INFO  no build target found for /Users/cccllc/Desktop/SE 350/FinanceHelper/src/main/java/com/financehelper/ui/ConsoleUI_usage.java. Using fallback presentation compiler.
2026.06.09 10:20:57 INFO  QDox parse error in file:///Users/cccllc/Desktop/SE%20350/FinanceHelper/src/main/java/com/financehelper/ui/ConsoleUI_usage.java (full report at: "/Users/cccllc/Desktop/SE 350/FinanceHelper/.metals/.reports/metals-full/2026-06-09/r_qdox-error_10-20-57-836.md")
2026.06.09 10:20:57 INFO  Created report: Optional[file:///Users/cccllc/Desktop/SE%20350/FinanceHelper/src/main/java/com/financehelper/ui/ConsoleUI_usage.java]
2026.06.09 10:20:57 INFO  empty definition using pc, found symbol in pc:  (full report at: "/Users/cccllc/Desktop/SE 350/FinanceHelper/.metals/.reports/metals-full/2026-06-09/r_empty-definition_10-20-57-978.md")
2026.06.09 10:20:57 INFO  no build target found for /Users/cccllc/Desktop/SE 350/FinanceHelper/src/main/java/com/financehelper/ui/ConsoleUI_usage.java. Using fallback presentation compiler.
2026.06.09 10:20:57 INFO  no build target found for /Users/cccllc/Desktop/SE 350/FinanceHelper/src/main/java/com/financehelper/ui/ConsoleUI_usage.java. Using fallback presentation compiler.
2026.06.09 10:21:00 INFO  no build target found for /Users/cccllc/Desktop/SE 350/FinanceHelper/src/main/java/com/financehelper/ui/ConsoleUI.java. Using fallback presentation compiler.
2026.06.09 10:21:00 WARN  no build target for: /Users/cccllc/Desktop/SE 350/FinanceHelper/src/main/java/com/financehelper/ui/ConsoleUI.java
2026.06.09 10:21:00 INFO  no build target found for /Users/cccllc/Desktop/SE 350/FinanceHelper/src/main/java/com/financehelper/ui/ConsoleUI.java. Using fallback presentation compiler.
2026.06.09 10:21:02 INFO  no build target found for /Users/cccllc/Desktop/SE 350/FinanceHelper/src/main/java/com/financehelper/ui/ConsoleUI.java. Using fallback presentation compiler.
2026.06.09 10:21:02 INFO  no build target found for /Users/cccllc/Desktop/SE 350/FinanceHelper/src/main/java/com/financehelper/ui/ConsoleUI_usage.java. Using fallback presentation compiler.
2026.06.09 10:21:03 WARN  no build target for: /Users/cccllc/Desktop/SE 350/FinanceHelper/src/main/java/com/financehelper/ui/ConsoleUI_usage.java
2026.06.09 10:21:03 INFO  no build target found for /Users/cccllc/Desktop/SE 350/FinanceHelper/src/main/java/com/financehelper/ui/ConsoleUI_usage.java. Using fallback presentation compiler.
2026.06.09 10:21:03 INFO  no build target found for /Users/cccllc/Desktop/SE 350/FinanceHelper/src/main/java/com/financehelper/ui/ConsoleUI_usage.java. Using fallback presentation compiler.
2026.06.09 10:21:03 INFO  no build target found for /Users/cccllc/Desktop/SE 350/FinanceHelper/src/main/java/com/financehelper/ui/ConsoleUI_usage.java. Using fallback presentation compiler.
2026.06.09 10:21:03 INFO  no build target found for /Users/cccllc/Desktop/SE 350/FinanceHelper/src/main/java/com/financehelper/ui/ConsoleUI_usage.java. Using fallback presentation compiler.
2026.06.09 10:21:03 INFO  no build target found for /Users/cccllc/Desktop/SE 350/FinanceHelper/src/main/java/com/financehelper/ui/ConsoleUI_usage.java. Using fallback presentation compiler.
2026.06.09 10:21:06 INFO  no build target found for /Users/cccllc/Desktop/SE 350/FinanceHelper/src/main/java/com/financehelper/ui/ConsoleUI_usage.java. Using fallback presentation compiler.
2026.06.09 10:21:06 INFO  no build target found for /Users/cccllc/Desktop/SE 350/FinanceHelper/src/main/java/com/financehelper/ui/ConsoleUI_usage.java. Using fallback presentation compiler.
2026.06.09 10:21:06 INFO  no build target found for /Users/cccllc/Desktop/SE 350/FinanceHelper/src/main/java/com/financehelper/ui/ConsoleUI_usage.java. Using fallback presentation compiler.
2026.06.09 10:21:07 INFO  no build target found for /Users/cccllc/Desktop/SE 350/FinanceHelper/src/main/java/com/financehelper/ui/ConsoleUI_usage.java. Using fallback presentation compiler.
2026.06.09 10:21:07 INFO  no build target found for /Users/cccllc/Desktop/SE 350/FinanceHelper/src/main/java/com/financehelper/ui/ConsoleUI_usage.java. Using fallback presentation compiler.
2026.06.09 10:21:08 INFO  no build target found for /Users/cccllc/Desktop/SE 350/FinanceHelper/src/main/java/com/financehelper/ui/ConsoleUI_usage.java. Using fallback presentation compiler.
2026.06.09 10:21:08 INFO  no build target found for /Users/cccllc/Desktop/SE 350/FinanceHelper/src/main/java/com/financehelper/ui/ConsoleUI_usage.java. Using fallback presentation compiler.
2026.06.09 10:21:10 INFO  no build target found for /Users/cccllc/Desktop/SE 350/FinanceHelper/src/main/java/com/financehelper/ui/ConsoleUI_usage.java. Using fallback presentation compiler.
2026.06.09 10:21:10 INFO  no build target found for /Users/cccllc/Desktop/SE 350/FinanceHelper/src/main/java/com/financehelper/ui/ConsoleUI_usage.java. Using fallback presentation compiler.
2026.06.09 10:21:12 INFO  no build target found for /Users/cccllc/Desktop/SE 350/FinanceHelper/src/main/java/com/financehelper/ui/ConsoleUI_usage.java. Using fallback presentation compiler.
2026.06.09 10:21:16 INFO  no build target found for /Users/cccllc/Desktop/SE 350/FinanceHelper/src/main/java/com/financehelper/ui/ConsoleUI_usage.java. Using fallback presentation compiler.
2026.06.09 10:21:16 INFO  no build target found for /Users/cccllc/Desktop/SE 350/FinanceHelper/src/main/java/com/financehelper/ui/ConsoleUI_usage.java. Using fallback presentation compiler.
2026.06.09 10:21:19 INFO  no build target found for /Users/cccllc/Desktop/SE 350/FinanceHelper/src/main/java/com/financehelper/ui/ConsoleUI_usage.java. Using fallback presentation compiler.
2026.06.09 10:21:20 INFO  no build target found for /Users/cccllc/Desktop/SE 350/FinanceHelper/src/main/java/com/financehelper/ui/ConsoleUI_usage.java. Using fallback presentation compiler.
2026.06.09 10:21:20 INFO  no build target found for /Users/cccllc/Desktop/SE 350/FinanceHelper/src/main/java/com/financehelper/ui/ConsoleUI_usage.java. Using fallback presentation compiler.
2026.06.09 10:21:20 INFO  no build target found for /Users/cccllc/Desktop/SE 350/FinanceHelper/src/main/java/com/financehelper/ui/ConsoleUI_usage.java. Using fallback presentation compiler.
2026.06.09 10:21:22 INFO  no build target found for /Users/cccllc/Desktop/SE 350/FinanceHelper/src/main/java/com/financehelper/ui/ConsoleUI_usage.java. Using fallback presentation compiler.
2026.06.09 10:21:24 INFO  QDox parse error in file:///Users/cccllc/Desktop/SE%20350/FinanceHelper/src/main/java/com/financehelper/ui/ConsoleUI_usage.java (full report at: "/Users/cccllc/Desktop/SE 350/FinanceHelper/.metals/.reports/metals-full/2026-06-09/r_qdox-error_10-20-57-836.md")
2026.06.09 10:21:24 INFO  no build target found for /Users/cccllc/Desktop/SE 350/FinanceHelper/src/main/java/com/financehelper/ui/ConsoleUI_usage.java. Using fallback presentation compiler.
2026.06.09 10:21:24 INFO  QDox parse error in file:///Users/cccllc/Desktop/SE%20350/FinanceHelper/src/main/java/com/financehelper/ui/ConsoleUI_usage.java (full report at: "/Users/cccllc/Desktop/SE 350/FinanceHelper/.metals/.reports/metals-full/2026-06-09/r_qdox-error_10-20-57-836.md")
2026.06.09 10:21:24 INFO  empty definition using pc, found symbol in pc:  (full report at: "/Users/cccllc/Desktop/SE 350/FinanceHelper/.metals/.reports/metals-full/2026-06-09/r_empty-definition_10-20-57-978.md")
2026.06.09 10:21:26 INFO  no build target found for /Users/cccllc/Desktop/SE 350/FinanceHelper/src/main/java/com/financehelper/ui/ConsoleUI.java. Using fallback presentation compiler.
2026.06.09 10:21:26 WARN  no build target for: /Users/cccllc/Desktop/SE 350/FinanceHelper/src/main/java/com/financehelper/ui/ConsoleUI.java
2026.06.09 10:21:26 INFO  no build target found for /Users/cccllc/Desktop/SE 350/FinanceHelper/src/main/java/com/financehelper/ui/ConsoleUI.java. Using fallback presentation compiler.
2026.06.09 10:21:34 INFO  no build target found for /Users/cccllc/Desktop/SE 350/FinanceHelper/src/main/java/com/financehelper/ui/ConsoleUI_usage.java. Using fallback presentation compiler.
2026.06.09 10:21:34 WARN  no build target for: /Users/cccllc/Desktop/SE 350/FinanceHelper/src/main/java/com/financehelper/ui/ConsoleUI_usage.java
2026.06.09 10:21:34 INFO  no build target found for /Users/cccllc/Desktop/SE 350/FinanceHelper/src/main/java/com/financehelper/ui/ConsoleUI_usage.java. Using fallback presentation compiler.
2026.06.09 10:21:34 INFO  no build target found for /Users/cccllc/Desktop/SE 350/FinanceHelper/src/main/java/com/financehelper/ui/ConsoleUI_usage.java. Using fallback presentation compiler.
2026.06.09 10:21:34 INFO  no build target found for /Users/cccllc/Desktop/SE 350/FinanceHelper/src/main/java/com/financehelper/ui/ConsoleUI_usage.java. Using fallback presentation compiler.
2026.06.09 10:21:34 INFO  no build target found for /Users/cccllc/Desktop/SE 350/FinanceHelper/src/main/java/com/financehelper/ui/ConsoleUI_usage.java. Using fallback presentation compiler.
2026.06.09 10:21:43 INFO  no build target found for /Users/cccllc/Desktop/SE 350/FinanceHelper/src/main/java/com/financehelper/ui/ConsoleUI.java. Using fallback presentation compiler.
2026.06.09 10:21:43 WARN  no build target for: /Users/cccllc/Desktop/SE 350/FinanceHelper/src/main/java/com/financehelper/ui/ConsoleUI.java
2026.06.09 10:21:43 INFO  no build target found for /Users/cccllc/Desktop/SE 350/FinanceHelper/src/main/java/com/financehelper/ui/ConsoleUI.java. Using fallback presentation compiler.
2026.06.09 10:21:43 INFO  no build target found for /Users/cccllc/Desktop/SE 350/FinanceHelper/src/main/java/com/financehelper/ui/ConsoleUI.java. Using fallback presentation compiler.
2026.06.09 10:21:48 INFO  no build target found for /Users/cccllc/Desktop/SE 350/FinanceHelper/src/main/java/com/financehelper/ui/ConsoleUI.java. Using fallback presentation compiler.
2026.06.09 10:21:49 INFO  no build target found for /Users/cccllc/Desktop/SE 350/FinanceHelper/src/main/java/com/financehelper/ui/ConsoleUI.java. Using fallback presentation compiler.
2026.06.09 10:21:52 INFO  no build target found for /Users/cccllc/Desktop/SE 350/FinanceHelper/src/main/java/com/financehelper/ui/ConsoleUI_usage.java. Using fallback presentation compiler.
2026.06.09 10:21:52 WARN  no build target for: /Users/cccllc/Desktop/SE 350/FinanceHelper/src/main/java/com/financehelper/ui/ConsoleUI_usage.java
2026.06.09 10:21:52 INFO  no build target found for /Users/cccllc/Desktop/SE 350/FinanceHelper/src/main/java/com/financehelper/ui/ConsoleUI_usage.java. Using fallback presentation compiler.
2026.06.09 10:21:52 INFO  no build target found for /Users/cccllc/Desktop/SE 350/FinanceHelper/src/main/java/com/financehelper/ui/ConsoleUI_usage.java. Using fallback presentation compiler.
2026.06.09 10:21:52 INFO  no build target found for /Users/cccllc/Desktop/SE 350/FinanceHelper/src/main/java/com/financehelper/ui/ConsoleUI_usage.java. Using fallback presentation compiler.
2026.06.09 10:21:52 INFO  no build target found for /Users/cccllc/Desktop/SE 350/FinanceHelper/src/main/java/com/financehelper/ui/ConsoleUI_usage.java. Using fallback presentation compiler.
2026.06.09 10:21:52 INFO  no build target found for /Users/cccllc/Desktop/SE 350/FinanceHelper/src/main/java/com/financehelper/ui/ConsoleUI_usage.java. Using fallback presentation compiler.
2026.06.09 10:21:52 INFO  no build target found for /Users/cccllc/Desktop/SE 350/FinanceHelper/src/main/java/com/financehelper/ui/ConsoleUI_usage.java. Using fallback presentation compiler.
2026.06.09 10:21:57 INFO  no build target found for /Users/cccllc/Desktop/SE 350/FinanceHelper/src/main/java/com/financehelper/ui/ConsoleUI_usage.java. Using fallback presentation compiler.
2026.06.09 10:21:57 INFO  no build target found for /Users/cccllc/Desktop/SE 350/FinanceHelper/src/main/java/com/financehelper/ui/ConsoleUI_usage.java. Using fallback presentation compiler.
2026.06.09 10:22:02 INFO  no build target found for /Users/cccllc/Desktop/SE 350/FinanceHelper/src/main/java/com/financehelper/ui/ConsoleUI_usage.java. Using fallback presentation compiler.
2026.06.09 10:22:02 INFO  no build target found for /Users/cccllc/Desktop/SE 350/FinanceHelper/src/main/java/com/financehelper/ui/ConsoleUI_usage.java. Using fallback presentation compiler.
2026.06.09 10:22:06 INFO  no build target found for /Users/cccllc/Desktop/SE 350/FinanceHelper/src/main/java/com/financehelper/ui/ConsoleUI_usage.java. Using fallback presentation compiler.
2026.06.09 10:22:06 INFO  no build target found for /Users/cccllc/Desktop/SE 350/FinanceHelper/src/main/java/com/financehelper/ui/ConsoleUI_usage.java. Using fallback presentation compiler.
2026.06.09 10:22:08 INFO  no build target found for /Users/cccllc/Desktop/SE 350/FinanceHelper/src/main/java/com/financehelper/ui/ConsoleUI.java. Using fallback presentation compiler.
2026.06.09 10:22:08 WARN  no build target for: /Users/cccllc/Desktop/SE 350/FinanceHelper/src/main/java/com/financehelper/ui/ConsoleUI.java
2026.06.09 10:22:08 INFO  no build target found for /Users/cccllc/Desktop/SE 350/FinanceHelper/src/main/java/com/financehelper/ui/ConsoleUI.java. Using fallback presentation compiler.
2026.06.09 10:22:08 INFO  no build target found for /Users/cccllc/Desktop/SE 350/FinanceHelper/src/main/java/com/financehelper/ui/ConsoleUI.java. Using fallback presentation compiler.
2026.06.09 10:22:09 INFO  no build target found for /Users/cccllc/Desktop/SE 350/FinanceHelper/src/main/java/com/financehelper/ui/ConsoleUI.java. Using fallback presentation compiler.
2026.06.09 10:22:10 INFO  no build target found for /Users/cccllc/Desktop/SE 350/FinanceHelper/src/main/java/com/financehelper/ui/ConsoleUI.java. Using fallback presentation compiler.
2026.06.09 10:22:10 INFO  no build target found for /Users/cccllc/Desktop/SE 350/FinanceHelper/src/main/java/com/financehelper/ui/ConsoleUI.java. Using fallback presentation compiler.
2026.06.09 10:23:37 INFO  no build target found for /Users/cccllc/Desktop/SE 350/FinanceHelper/src/main/java/com/financehelper/factory/VariableExpenseFactory.java. Using fallback presentation compiler.
2026.06.09 10:23:37 INFO  no build target found for /Users/cccllc/Desktop/SE 350/FinanceHelper/src/main/java/com/financehelper/factory/RecurringExpenseFactory.java. Using fallback presentation compiler.
2026.06.09 10:23:37 INFO  no build target found for /Users/cccllc/Desktop/SE 350/FinanceHelper/src/main/java/com/financehelper/factory/FixedExpenseFactory.java. Using fallback presentation compiler.
2026.06.09 10:23:37 INFO  no build target found for /Users/cccllc/Desktop/SE 350/FinanceHelper/src/main/java/com/financehelper/factory/ExpenseFactory.java. Using fallback presentation compiler.
2026.06.09 10:23:40 INFO  no build target found for /Users/cccllc/Desktop/SE 350/FinanceHelper/src/main/java/com/financehelper/ui/ConsoleUI.java. Using fallback presentation compiler.
2026.06.09 10:23:40 INFO  no build target found for /Users/cccllc/Desktop/SE 350/FinanceHelper/src/main/java/com/financehelper/ui/ConsoleUI.java. Using fallback presentation compiler.
2026.06.09 10:23:42 INFO  no build target found for /Users/cccllc/Desktop/SE 350/FinanceHelper/src/main/java/com/financehelper/ui/ConsoleUI.java. Using fallback presentation compiler.
2026.06.09 10:23:42 INFO  no build target found for /Users/cccllc/Desktop/SE 350/FinanceHelper/src/main/java/com/financehelper/ui/ConsoleUI.java. Using fallback presentation compiler.
2026.06.09 10:23:44 INFO  no build target found for /Users/cccllc/Desktop/SE 350/FinanceHelper/src/main/java/com/financehelper/ui/ConsoleUI.java. Using fallback presentation compiler.
2026.06.09 10:23:44 INFO  no build target found for /Users/cccllc/Desktop/SE 350/FinanceHelper/src/main/java/com/financehelper/ui/ConsoleUI.java. Using fallback presentation compiler.
2026.06.09 10:23:44 INFO  no build target found for /Users/cccllc/Desktop/SE 350/FinanceHelper/src/main/java/com/financehelper/ui/ConsoleUI.java. Using fallback presentation compiler.
2026.06.09 10:23:44 INFO  no build target found for /Users/cccllc/Desktop/SE 350/FinanceHelper/src/main/java/com/financehelper/ui/ConsoleUI.java. Using fallback presentation compiler.
2026.06.09 10:23:44 INFO  no build target found for /Users/cccllc/Desktop/SE 350/FinanceHelper/src/main/java/com/financehelper/ui/ConsoleUI.java. Using fallback presentation compiler.
2026.06.09 10:23:53 INFO  no build target found for /Users/cccllc/Desktop/SE 350/FinanceHelper/src/main/java/com/financehelper/ui/ConsoleUI_usage.java. Using fallback presentation compiler.
2026.06.09 10:23:56 WARN  no build target for: /Users/cccllc/Desktop/SE 350/FinanceHelper/src/main/java/com/financehelper/ui/ConsoleUI.java
2026.06.09 10:23:56 INFO  no build target found for /Users/cccllc/Desktop/SE 350/FinanceHelper/src/main/java/com/financehelper/ui/ConsoleUI.java. Using fallback presentation compiler.
2026.06.09 10:23:57 WARN  Running javac-semanticdb failed for file:///Users/cccllc/Desktop/SE%20350/FinanceHelper/src/main/java/com/financehelper/ui/ConsoleUI.java. Output:

2026.06.09 10:23:58 INFO  no build target found for /Users/cccllc/Desktop/SE 350/FinanceHelper/src/main/java/com/financehelper/Main.java. Using fallback presentation compiler.
2026.06.09 10:23:58 WARN  no build target for: /Users/cccllc/Desktop/SE 350/FinanceHelper/src/main/java/com/financehelper/Main.java
2026.06.09 10:23:58 INFO  no build target found for /Users/cccllc/Desktop/SE 350/FinanceHelper/src/main/java/com/financehelper/Main.java. Using fallback presentation compiler.
2026.06.09 10:24:02 INFO  no build target found for /Users/cccllc/Desktop/SE 350/FinanceHelper/src/main/java/com/financehelper/Main.java. Using fallback presentation compiler.
2026.06.09 10:24:02 INFO  no build target found for /Users/cccllc/Desktop/SE 350/FinanceHelper/src/main/java/com/financehelper/Main.java. Using fallback presentation compiler.
2026.06.09 10:24:05 INFO  no build target found for /Users/cccllc/Desktop/SE 350/FinanceHelper/src/main/java/com/financehelper/Main.java. Using fallback presentation compiler.
2026.06.09 10:24:15 INFO  no build target found for /Users/cccllc/Desktop/SE 350/FinanceHelper/src/main/java/com/financehelper/Main.java. Using fallback presentation compiler.
2026.06.09 10:24:15 INFO  no build target found for /Users/cccllc/Desktop/SE 350/FinanceHelper/src/main/java/com/financehelper/Main.java. Using fallback presentation compiler.
2026.06.09 10:24:38 INFO  no build target found for /Users/cccllc/Desktop/SE 350/FinanceHelper/src/main/java/com/financehelper/factory/FixedExpenseFactory.java. Using fallback presentation compiler.
2026.06.09 10:24:38 INFO  no build target found for /Users/cccllc/Desktop/SE 350/FinanceHelper/src/main/java/com/financehelper/factory/FixedExpenseFactory.java. Using fallback presentation compiler.
2026.06.09 10:24:38 INFO  no build target found for /Users/cccllc/Desktop/SE 350/FinanceHelper/src/main/java/com/financehelper/factory/FixedExpenseFactory.java. Using fallback presentation compiler.
2026.06.09 10:24:41 INFO  no build target found for /Users/cccllc/Desktop/SE 350/FinanceHelper/src/main/java/com/financehelper/factory/FixedExpenseFactory.java. Using fallback presentation compiler.
2026.06.09 10:24:41 INFO  no build target found for /Users/cccllc/Desktop/SE 350/FinanceHelper/src/main/java/com/financehelper/factory/RecurringExpenseFactory.java. Using fallback presentation compiler.
2026.06.09 10:24:41 INFO  no build target found for /Users/cccllc/Desktop/SE 350/FinanceHelper/src/main/java/com/financehelper/factory/RecurringExpenseFactory.java. Using fallback presentation compiler.
2026.06.09 10:24:41 INFO  no build target found for /Users/cccllc/Desktop/SE 350/FinanceHelper/src/main/java/com/financehelper/factory/RecurringExpenseFactory.java. Using fallback presentation compiler.
2026.06.09 10:24:44 INFO  no build target found for /Users/cccllc/Desktop/SE 350/FinanceHelper/src/main/java/com/financehelper/factory/RecurringExpenseFactory.java. Using fallback presentation compiler.
2026.06.09 10:24:44 INFO  no build target found for /Users/cccllc/Desktop/SE 350/FinanceHelper/src/main/java/com/financehelper/factory/VariableExpenseFactory.java. Using fallback presentation compiler.
2026.06.09 10:24:45 INFO  no build target found for /Users/cccllc/Desktop/SE 350/FinanceHelper/src/main/java/com/financehelper/factory/VariableExpenseFactory.java. Using fallback presentation compiler.
2026.06.09 10:24:44 INFO  no build target found for /Users/cccllc/Desktop/SE 350/FinanceHelper/src/main/java/com/financehelper/factory/VariableExpenseFactory.java. Using fallback presentation compiler.
2026.06.09 10:24:46 INFO  no build target found for /Users/cccllc/Desktop/SE 350/FinanceHelper/src/main/java/com/financehelper/factory/VariableExpenseFactory.java. Using fallback presentation compiler.
2026.06.09 10:24:46 INFO  no build target found for /Users/cccllc/Desktop/SE 350/FinanceHelper/src/main/java/com/financehelper/factory/ExpenseFactory.java. Using fallback presentation compiler.
2026.06.09 10:24:46 INFO  no build target found for /Users/cccllc/Desktop/SE 350/FinanceHelper/src/main/java/com/financehelper/factory/ExpenseFactory.java. Using fallback presentation compiler.
2026.06.09 10:24:46 INFO  no build target found for /Users/cccllc/Desktop/SE 350/FinanceHelper/src/main/java/com/financehelper/factory/ExpenseFactory.java. Using fallback presentation compiler.
2026.06.09 10:24:46 INFO  no build target found for /Users/cccllc/Desktop/SE 350/FinanceHelper/src/main/java/com/financehelper/factory/ExpenseFactory.java. Using fallback presentation compiler.
2026.06.09 10:24:46 INFO  no build target found for /Users/cccllc/Desktop/SE 350/FinanceHelper/src/main/java/com/financehelper/factory/ExpenseFactory.java. Using fallback presentation compiler.
2026.06.09 10:24:46 INFO  no build target found for /Users/cccllc/Desktop/SE 350/FinanceHelper/src/main/java/com/financehelper/factory/FixedExpenseFactory.java. Using fallback presentation compiler.
2026.06.09 10:24:47 INFO  no build target found for /Users/cccllc/Desktop/SE 350/FinanceHelper/src/main/java/com/financehelper/factory/FixedExpenseFactory.java. Using fallback presentation compiler.
2026.06.09 10:24:46 INFO  no build target found for /Users/cccllc/Desktop/SE 350/FinanceHelper/src/main/java/com/financehelper/factory/FixedExpenseFactory.java. Using fallback presentation compiler.
2026.06.09 10:24:48 INFO  no build target found for /Users/cccllc/Desktop/SE 350/FinanceHelper/src/main/java/com/financehelper/factory/FixedExpenseFactory.java. Using fallback presentation compiler.
2026.06.09 10:24:48 INFO  no build target found for /Users/cccllc/Desktop/SE 350/FinanceHelper/src/main/java/com/financehelper/factory/ExpenseFactory.java. Using fallback presentation compiler.
2026.06.09 10:24:48 INFO  no build target found for /Users/cccllc/Desktop/SE 350/FinanceHelper/src/main/java/com/financehelper/factory/ExpenseFactory.java. Using fallback presentation compiler.
2026.06.09 10:24:48 INFO  no build target found for /Users/cccllc/Desktop/SE 350/FinanceHelper/src/main/java/com/financehelper/factory/ExpenseFactory.java. Using fallback presentation compiler.
2026.06.09 10:24:48 INFO  no build target found for /Users/cccllc/Desktop/SE 350/FinanceHelper/src/main/java/com/financehelper/factory/ExpenseFactory.java. Using fallback presentation compiler.
2026.06.09 10:24:50 INFO  no build target found for /Users/cccllc/Desktop/SE 350/FinanceHelper/src/main/java/com/financehelper/factory/ExpenseFactory.java. Using fallback presentation compiler.
2026.06.09 10:24:50 INFO  no build target found for /Users/cccllc/Desktop/SE 350/FinanceHelper/src/main/java/com/financehelper/factory/FixedExpenseFactory.java. Using fallback presentation compiler.
2026.06.09 10:24:50 INFO  no build target found for /Users/cccllc/Desktop/SE 350/FinanceHelper/src/main/java/com/financehelper/factory/FixedExpenseFactory.java. Using fallback presentation compiler.
2026.06.09 10:24:50 INFO  no build target found for /Users/cccllc/Desktop/SE 350/FinanceHelper/src/main/java/com/financehelper/factory/FixedExpenseFactory.java. Using fallback presentation compiler.
2026.06.09 10:24:54 INFO  no build target found for /Users/cccllc/Desktop/SE 350/FinanceHelper/src/main/java/com/financehelper/factory/FixedExpenseFactory.java. Using fallback presentation compiler.
2026.06.09 10:24:54 INFO  no build target found for /Users/cccllc/Desktop/SE 350/FinanceHelper/src/main/java/com/financehelper/template/ConsoleReportGenerator.java. Using fallback presentation compiler.
2026.06.09 10:24:54 INFO  no build target found for /Users/cccllc/Desktop/SE 350/FinanceHelper/src/main/java/com/financehelper/template/ConsoleReportGenerator.java. Using fallback presentation compiler.
2026.06.09 10:24:54 INFO  no build target found for /Users/cccllc/Desktop/SE 350/FinanceHelper/src/main/java/com/financehelper/template/ConsoleReportGenerator.java. Using fallback presentation compiler.
2026.06.09 10:24:54 INFO  no build target found for /Users/cccllc/Desktop/SE 350/FinanceHelper/src/main/java/com/financehelper/template/ConsoleReportGenerator.java. Using fallback presentation compiler.
2026.06.09 10:24:59 INFO  no build target found for /Users/cccllc/Desktop/SE 350/FinanceHelper/src/main/java/com/financehelper/template/ConsoleReportGenerator.java. Using fallback presentation compiler.
2026.06.09 10:24:59 INFO  no build target found for /Users/cccllc/Desktop/SE 350/FinanceHelper/src/main/java/com/financehelper/template/ConsoleReportGenerator.java. Using fallback presentation compiler.
2026.06.09 10:24:59 INFO  no build target found for /Users/cccllc/Desktop/SE 350/FinanceHelper/src/main/java/com/financehelper/template/ConsoleReportGenerator.java. Using fallback presentation compiler.
2026.06.09 10:25:05 INFO  no build target found for /Users/cccllc/Desktop/SE 350/FinanceHelper/src/main/java/com/financehelper/template/ConsoleReportGenerator.java. Using fallback presentation compiler.
2026.06.09 10:25:05 INFO  no build target found for /Users/cccllc/Desktop/SE 350/FinanceHelper/src/main/java/com/financehelper/factory/FixedExpenseFactory.java. Using fallback presentation compiler.
2026.06.09 10:25:05 INFO  no build target found for /Users/cccllc/Desktop/SE 350/FinanceHelper/src/main/java/com/financehelper/factory/FixedExpenseFactory.java. Using fallback presentation compiler.
2026.06.09 10:25:05 INFO  no build target found for /Users/cccllc/Desktop/SE 350/FinanceHelper/src/main/java/com/financehelper/factory/FixedExpenseFactory.java. Using fallback presentation compiler.
2026.06.09 10:25:14 INFO  no build target found for /Users/cccllc/Desktop/SE 350/FinanceHelper/src/main/java/com/financehelper/factory/FixedExpenseFactory.java. Using fallback presentation compiler.
2026.06.09 10:25:14 INFO  no build target found for /Users/cccllc/Desktop/SE 350/FinanceHelper/src/main/java/com/financehelper/template/ConsoleReportGenerator.java. Using fallback presentation compiler.
2026.06.09 10:25:15 INFO  no build target found for /Users/cccllc/Desktop/SE 350/FinanceHelper/src/main/java/com/financehelper/template/ConsoleReportGenerator.java. Using fallback presentation compiler.
2026.06.09 10:25:14 INFO  no build target found for /Users/cccllc/Desktop/SE 350/FinanceHelper/src/main/java/com/financehelper/template/ConsoleReportGenerator.java. Using fallback presentation compiler.
2026.06.09 10:25:14 INFO  no build target found for /Users/cccllc/Desktop/SE 350/FinanceHelper/src/main/java/com/financehelper/template/ConsoleReportGenerator.java. Using fallback presentation compiler.
2026.06.09 10:25:14 INFO  no build target found for /Users/cccllc/Desktop/SE 350/FinanceHelper/src/main/java/com/financehelper/template/ConsoleReportGenerator.java. Using fallback presentation compiler.
2026.06.09 10:25:18 INFO  no build target found for /Users/cccllc/Desktop/SE 350/FinanceHelper/src/main/java/com/financehelper/template/ConsoleReportGenerator.java. Using fallback presentation compiler.
2026.06.09 10:25:20 INFO  no build target found for /Users/cccllc/Desktop/SE 350/FinanceHelper/src/main/java/com/financehelper/template/ConsoleReportGenerator.java. Using fallback presentation compiler.
2026.06.09 10:25:20 INFO  no build target found for /Users/cccllc/Desktop/SE 350/FinanceHelper/src/main/java/com/financehelper/template/ConsoleReportGenerator.java. Using fallback presentation compiler.
2026.06.09 10:25:20 INFO  no build target found for /Users/cccllc/Desktop/SE 350/FinanceHelper/src/main/java/com/financehelper/template/ConsoleReportGenerator.java. Using fallback presentation compiler.
2026.06.09 10:25:20 INFO  no build target found for /Users/cccllc/Desktop/SE 350/FinanceHelper/src/main/java/com/financehelper/template/ConsoleReportGenerator.java. Using fallback presentation compiler.
2026.06.09 10:25:20 INFO  no build target found for /Users/cccllc/Desktop/SE 350/FinanceHelper/src/main/java/com/financehelper/template/ConsoleReportGenerator.java. Using fallback presentation compiler.
2026.06.09 10:25:20 INFO  no build target found for /Users/cccllc/Desktop/SE 350/FinanceHelper/src/main/java/com/financehelper/template/ConsoleReportGenerator.java. Using fallback presentation compiler.
2026.06.09 10:25:20 INFO  no build target found for /Users/cccllc/Desktop/SE 350/FinanceHelper/src/main/java/com/financehelper/template/ConsoleReportGenerator.java. Using fallback presentation compiler.
2026.06.09 10:25:20 INFO  no build target found for /Users/cccllc/Desktop/SE 350/FinanceHelper/src/main/java/com/financehelper/template/ConsoleReportGenerator.java. Using fallback presentation compiler.
2026.06.09 10:25:20 INFO  no build target found for /Users/cccllc/Desktop/SE 350/FinanceHelper/src/main/java/com/financehelper/template/ConsoleReportGenerator.java. Using fallback presentation compiler.
2026.06.09 10:25:21 INFO  no build target found for /Users/cccllc/Desktop/SE 350/FinanceHelper/src/main/java/com/financehelper/template/ConsoleReportGenerator.java. Using fallback presentation compiler.
2026.06.09 10:25:21 INFO  no build target found for /Users/cccllc/Desktop/SE 350/FinanceHelper/src/main/java/com/financehelper/template/ConsoleReportGenerator.java. Using fallback presentation compiler.
2026.06.09 10:25:21 INFO  no build target found for /Users/cccllc/Desktop/SE 350/FinanceHelper/src/main/java/com/financehelper/template/ConsoleReportGenerator.java. Using fallback presentation compiler.
2026.06.09 10:25:21 INFO  no build target found for /Users/cccllc/Desktop/SE 350/FinanceHelper/src/main/java/com/financehelper/template/ConsoleReportGenerator.java. Using fallback presentation compiler.
2026.06.09 10:25:21 INFO  no build target found for /Users/cccllc/Desktop/SE 350/FinanceHelper/src/main/java/com/financehelper/template/ConsoleReportGenerator.java. Using fallback presentation compiler.
2026.06.09 10:25:21 INFO  no build target found for /Users/cccllc/Desktop/SE 350/FinanceHelper/src/main/java/com/financehelper/template/ConsoleReportGenerator.java. Using fallback presentation compiler.
2026.06.09 10:25:21 INFO  no build target found for /Users/cccllc/Desktop/SE 350/FinanceHelper/src/main/java/com/financehelper/template/ConsoleReportGenerator.java. Using fallback presentation compiler.
2026.06.09 10:25:21 INFO  no build target found for /Users/cccllc/Desktop/SE 350/FinanceHelper/src/main/java/com/financehelper/template/ConsoleReportGenerator.java. Using fallback presentation compiler.
2026.06.09 10:25:23 INFO  no build target found for /Users/cccllc/Desktop/SE 350/FinanceHelper/src/main/java/com/financehelper/template/ConsoleReportGenerator.java. Using fallback presentation compiler.
2026.06.09 10:25:25 INFO  no build target found for /Users/cccllc/Desktop/SE 350/FinanceHelper/src/main/java/com/financehelper/template/ConsoleReportGenerator.java. Using fallback presentation compiler.
2026.06.09 10:25:25 INFO  no build target found for /Users/cccllc/Desktop/SE 350/FinanceHelper/src/main/java/com/financehelper/template/ConsoleReportGenerator.java. Using fallback presentation compiler.
2026.06.09 10:25:25 INFO  no build target found for /Users/cccllc/Desktop/SE 350/FinanceHelper/src/main/java/com/financehelper/template/ConsoleReportGenerator.java. Using fallback presentation compiler.
2026.06.09 10:25:25 INFO  no build target found for /Users/cccllc/Desktop/SE 350/FinanceHelper/src/main/java/com/financehelper/template/ConsoleReportGenerator.java. Using fallback presentation compiler.
2026.06.09 10:25:25 INFO  no build target found for /Users/cccllc/Desktop/SE 350/FinanceHelper/src/main/java/com/financehelper/template/ConsoleReportGenerator.java. Using fallback presentation compiler.
2026.06.09 10:25:26 INFO  no build target found for /Users/cccllc/Desktop/SE 350/FinanceHelper/src/main/java/com/financehelper/template/ConsoleReportGenerator.java. Using fallback presentation compiler.
2026.06.09 10:25:26 INFO  no build target found for /Users/cccllc/Desktop/SE 350/FinanceHelper/src/main/java/com/financehelper/template/ConsoleReportGenerator.java. Using fallback presentation compiler.
2026.06.09 10:25:26 INFO  no build target found for /Users/cccllc/Desktop/SE 350/FinanceHelper/src/main/java/com/financehelper/template/ConsoleReportGenerator.java. Using fallback presentation compiler.
2026.06.09 10:25:28 INFO  no build target found for /Users/cccllc/Desktop/SE 350/FinanceHelper/src/main/java/com/financehelper/template/ConsoleReportGenerator.java. Using fallback presentation compiler.
2026.06.09 10:25:28 INFO  no build target found for /Users/cccllc/Desktop/SE 350/FinanceHelper/src/main/java/com/financehelper/template/ConsoleReportGenerator.java. Using fallback presentation compiler.
2026.06.09 10:25:28 INFO  no build target found for /Users/cccllc/Desktop/SE 350/FinanceHelper/src/main/java/com/financehelper/template/ConsoleReportGenerator.java. Using fallback presentation compiler.
2026.06.09 10:25:28 INFO  no build target found for /Users/cccllc/Desktop/SE 350/FinanceHelper/src/main/java/com/financehelper/template/ConsoleReportGenerator.java. Using fallback presentation compiler.
2026.06.09 10:25:28 INFO  no build target found for /Users/cccllc/Desktop/SE 350/FinanceHelper/src/main/java/com/financehelper/template/ConsoleReportGenerator.java. Using fallback presentation compiler.
2026.06.09 10:25:28 INFO  no build target found for /Users/cccllc/Desktop/SE 350/FinanceHelper/src/main/java/com/financehelper/template/ConsoleReportGenerator.java. Using fallback presentation compiler.
2026.06.09 10:25:28 INFO  no build target found for /Users/cccllc/Desktop/SE 350/FinanceHelper/src/main/java/com/financehelper/template/ConsoleReportGenerator.java. Using fallback presentation compiler.
2026.06.09 10:25:28 INFO  no build target found for /Users/cccllc/Desktop/SE 350/FinanceHelper/src/main/java/com/financehelper/template/ConsoleReportGenerator.java. Using fallback presentation compiler.
2026.06.09 10:25:29 INFO  no build target found for /Users/cccllc/Desktop/SE 350/FinanceHelper/src/main/java/com/financehelper/template/ConsoleReportGenerator.java. Using fallback presentation compiler.
2026.06.09 10:25:29 INFO  no build target found for /Users/cccllc/Desktop/SE 350/FinanceHelper/src/main/java/com/financehelper/template/ConsoleReportGenerator.java. Using fallback presentation compiler.
2026.06.09 10:25:29 INFO  no build target found for /Users/cccllc/Desktop/SE 350/FinanceHelper/src/main/java/com/financehelper/template/ConsoleReportGenerator.java. Using fallback presentation compiler.
2026.06.09 10:25:29 INFO  no build target found for /Users/cccllc/Desktop/SE 350/FinanceHelper/src/main/java/com/financehelper/template/ConsoleReportGenerator.java. Using fallback presentation compiler.
2026.06.09 10:25:29 INFO  no build target found for /Users/cccllc/Desktop/SE 350/FinanceHelper/src/main/java/com/financehelper/template/ConsoleReportGenerator.java. Using fallback presentation compiler.
2026.06.09 10:25:29 INFO  no build target found for /Users/cccllc/Desktop/SE 350/FinanceHelper/src/main/java/com/financehelper/template/ConsoleReportGenerator.java. Using fallback presentation compiler.
2026.06.09 10:25:32 INFO  no build target found for /Users/cccllc/Desktop/SE 350/FinanceHelper/src/main/java/com/financehelper/template/ConsoleReportGenerator.java. Using fallback presentation compiler.
2026.06.09 10:25:32 INFO  no build target found for /Users/cccllc/Desktop/SE 350/FinanceHelper/src/main/java/com/financehelper/template/ConsoleReportGenerator.java. Using fallback presentation compiler.
2026.06.09 10:25:33 INFO  no build target found for /Users/cccllc/Desktop/SE 350/FinanceHelper/src/main/java/com/financehelper/template/ConsoleReportGenerator.java. Using fallback presentation compiler.
2026.06.09 10:25:34 INFO  no build target found for /Users/cccllc/Desktop/SE 350/FinanceHelper/src/main/java/com/financehelper/template/ConsoleReportGenerator.java. Using fallback presentation compiler.
2026.06.09 10:25:34 INFO  no build target found for /Users/cccllc/Desktop/SE 350/FinanceHelper/src/main/java/com/financehelper/template/ConsoleReportGenerator.java. Using fallback presentation compiler.
2026.06.09 10:25:34 INFO  no build target found for /Users/cccllc/Desktop/SE 350/FinanceHelper/src/main/java/com/financehelper/template/ConsoleReportGenerator.java. Using fallback presentation compiler.
2026.06.09 10:25:35 INFO  no build target found for /Users/cccllc/Desktop/SE 350/FinanceHelper/src/main/java/com/financehelper/template/ConsoleReportGenerator.java. Using fallback presentation compiler.
2026.06.09 10:25:34 INFO  no build target found for /Users/cccllc/Desktop/SE 350/FinanceHelper/src/main/java/com/financehelper/template/ConsoleReportGenerator.java. Using fallback presentation compiler.
2026.06.09 10:25:34 INFO  no build target found for /Users/cccllc/Desktop/SE 350/FinanceHelper/src/main/java/com/financehelper/template/ConsoleReportGenerator.java. Using fallback presentation compiler.
2026.06.09 10:25:35 INFO  no build target found for /Users/cccllc/Desktop/SE 350/FinanceHelper/src/main/java/com/financehelper/template/ConsoleReportGenerator.java. Using fallback presentation compiler.
2026.06.09 10:25:34 INFO  no build target found for /Users/cccllc/Desktop/SE 350/FinanceHelper/src/main/java/com/financehelper/template/ConsoleReportGenerator.java. Using fallback presentation compiler.
2026.06.09 10:25:35 INFO  no build target found for /Users/cccllc/Desktop/SE 350/FinanceHelper/src/main/java/com/financehelper/template/ConsoleReportGenerator.java. Using fallback presentation compiler.
2026.06.09 10:25:35 INFO  no build target found for /Users/cccllc/Desktop/SE 350/FinanceHelper/src/main/java/com/financehelper/template/ConsoleReportGenerator.java. Using fallback presentation compiler.
2026.06.09 10:25:35 INFO  no build target found for /Users/cccllc/Desktop/SE 350/FinanceHelper/src/main/java/com/financehelper/template/ConsoleReportGenerator.java. Using fallback presentation compiler.
2026.06.09 10:25:35 INFO  no build target found for /Users/cccllc/Desktop/SE 350/FinanceHelper/src/main/java/com/financehelper/template/ConsoleReportGenerator.java. Using fallback presentation compiler.
2026.06.09 10:25:36 INFO  no build target found for /Users/cccllc/Desktop/SE 350/FinanceHelper/src/main/java/com/financehelper/template/ConsoleReportGenerator.java. Using fallback presentation compiler.
2026.06.09 10:25:35 INFO  no build target found for /Users/cccllc/Desktop/SE 350/FinanceHelper/src/main/java/com/financehelper/template/ConsoleReportGenerator.java. Using fallback presentation compiler.
2026.06.09 10:25:35 INFO  no build target found for /Users/cccllc/Desktop/SE 350/FinanceHelper/src/main/java/com/financehelper/template/ConsoleReportGenerator.java. Using fallback presentation compiler.
2026.06.09 10:25:35 INFO  no build target found for /Users/cccllc/Desktop/SE 350/FinanceHelper/src/main/java/com/financehelper/template/ConsoleReportGenerator.java. Using fallback presentation compiler.
2026.06.09 10:25:35 INFO  no build target found for /Users/cccllc/Desktop/SE 350/FinanceHelper/src/main/java/com/financehelper/template/ConsoleReportGenerator.java. Using fallback presentation compiler.
2026.06.09 10:25:36 INFO  no build target found for /Users/cccllc/Desktop/SE 350/FinanceHelper/src/main/java/com/financehelper/template/ConsoleReportGenerator.java. Using fallback presentation compiler.
2026.06.09 10:25:37 INFO  no build target found for /Users/cccllc/Desktop/SE 350/FinanceHelper/src/main/java/com/financehelper/template/ConsoleReportGenerator.java. Using fallback presentation compiler.
2026.06.09 10:25:36 INFO  no build target found for /Users/cccllc/Desktop/SE 350/FinanceHelper/src/main/java/com/financehelper/template/ConsoleReportGenerator.java. Using fallback presentation compiler.
2026.06.09 10:25:36 INFO  no build target found for /Users/cccllc/Desktop/SE 350/FinanceHelper/src/main/java/com/financehelper/template/ConsoleReportGenerator.java. Using fallback presentation compiler.
2026.06.09 10:25:38 INFO  no build target found for /Users/cccllc/Desktop/SE 350/FinanceHelper/src/main/java/com/financehelper/template/ConsoleReportGenerator.java. Using fallback presentation compiler.
2026.06.09 10:25:38 INFO  no build target found for /Users/cccllc/Desktop/SE 350/FinanceHelper/src/main/java/com/financehelper/template/ConsoleReportGenerator.java. Using fallback presentation compiler.
2026.06.09 10:25:38 INFO  no build target found for /Users/cccllc/Desktop/SE 350/FinanceHelper/src/main/java/com/financehelper/template/ConsoleReportGenerator.java. Using fallback presentation compiler.
2026.06.09 10:25:38 INFO  no build target found for /Users/cccllc/Desktop/SE 350/FinanceHelper/src/main/java/com/financehelper/template/ConsoleReportGenerator.java. Using fallback presentation compiler.
2026.06.09 10:25:38 INFO  no build target found for /Users/cccllc/Desktop/SE 350/FinanceHelper/src/main/java/com/financehelper/template/ConsoleReportGenerator.java. Using fallback presentation compiler.
2026.06.09 10:25:42 INFO  no build target found for /Users/cccllc/Desktop/SE 350/FinanceHelper/src/main/java/com/financehelper/template/ConsoleReportGenerator.java. Using fallback presentation compiler.
2026.06.09 10:25:42 INFO  no build target found for /Users/cccllc/Desktop/SE 350/FinanceHelper/src/main/java/com/financehelper/template/ConsoleReportGenerator.java. Using fallback presentation compiler.
2026.06.09 10:25:42 INFO  no build target found for /Users/cccllc/Desktop/SE 350/FinanceHelper/src/main/java/com/financehelper/template/ConsoleReportGenerator.java. Using fallback presentation compiler.
2026.06.09 10:25:42 INFO  no build target found for /Users/cccllc/Desktop/SE 350/FinanceHelper/src/main/java/com/financehelper/template/ConsoleReportGenerator.java. Using fallback presentation compiler.
2026.06.09 10:25:42 INFO  no build target found for /Users/cccllc/Desktop/SE 350/FinanceHelper/src/main/java/com/financehelper/template/ConsoleReportGenerator.java. Using fallback presentation compiler.
2026.06.09 10:25:43 INFO  no build target found for /Users/cccllc/Desktop/SE 350/FinanceHelper/src/main/java/com/financehelper/template/ConsoleReportGenerator.java. Using fallback presentation compiler.
2026.06.09 10:25:43 INFO  no build target found for /Users/cccllc/Desktop/SE 350/FinanceHelper/src/main/java/com/financehelper/template/ConsoleReportGenerator.java. Using fallback presentation compiler.
2026.06.09 10:25:44 INFO  no build target found for /Users/cccllc/Desktop/SE 350/FinanceHelper/src/main/java/com/financehelper/template/ConsoleReportGenerator.java. Using fallback presentation compiler.
2026.06.09 10:25:43 INFO  no build target found for /Users/cccllc/Desktop/SE 350/FinanceHelper/src/main/java/com/financehelper/template/ConsoleReportGenerator.java. Using fallback presentation compiler.
2026.06.09 10:25:45 INFO  no build target found for /Users/cccllc/Desktop/SE 350/FinanceHelper/src/main/java/com/financehelper/template/ConsoleReportGenerator.java. Using fallback presentation compiler.
2026.06.09 10:25:45 INFO  no build target found for /Users/cccllc/Desktop/SE 350/FinanceHelper/src/main/java/com/financehelper/template/ConsoleReportGenerator.java. Using fallback presentation compiler.
2026.06.09 10:25:45 INFO  no build target found for /Users/cccllc/Desktop/SE 350/FinanceHelper/src/main/java/com/financehelper/template/ConsoleReportGenerator.java. Using fallback presentation compiler.
2026.06.09 10:25:45 INFO  no build target found for /Users/cccllc/Desktop/SE 350/FinanceHelper/src/main/java/com/financehelper/template/ConsoleReportGenerator.java. Using fallback presentation compiler.
2026.06.09 10:25:45 INFO  no build target found for /Users/cccllc/Desktop/SE 350/FinanceHelper/src/main/java/com/financehelper/template/ConsoleReportGenerator.java. Using fallback presentation compiler.
2026.06.09 10:25:45 INFO  no build target found for /Users/cccllc/Desktop/SE 350/FinanceHelper/src/main/java/com/financehelper/template/ConsoleReportGenerator.java. Using fallback presentation compiler.
2026.06.09 10:25:46 INFO  no build target found for /Users/cccllc/Desktop/SE 350/FinanceHelper/src/main/java/com/financehelper/template/ConsoleReportGenerator.java. Using fallback presentation compiler.
2026.06.09 10:25:46 INFO  no build target found for /Users/cccllc/Desktop/SE 350/FinanceHelper/src/main/java/com/financehelper/template/ConsoleReportGenerator.java. Using fallback presentation compiler.
2026.06.09 10:25:46 INFO  no build target found for /Users/cccllc/Desktop/SE 350/FinanceHelper/src/main/java/com/financehelper/template/ConsoleReportGenerator.java. Using fallback presentation compiler.
2026.06.09 10:25:48 INFO  no build target found for /Users/cccllc/Desktop/SE 350/FinanceHelper/src/main/java/com/financehelper/template/ConsoleReportGenerator.java. Using fallback presentation compiler.
2026.06.09 10:25:48 INFO  no build target found for /Users/cccllc/Desktop/SE 350/FinanceHelper/src/main/java/com/financehelper/template/ConsoleReportGenerator.java. Using fallback presentation compiler.
2026.06.09 10:26:18 INFO  no build target found for /Users/cccllc/Desktop/SE 350/FinanceHelper/src/main/java/com/financehelper/template/ConsoleReportGenerator.java. Using fallback presentation compiler.
2026.06.09 10:26:18 INFO  no build target found for /Users/cccllc/Desktop/SE 350/FinanceHelper/src/main/java/com/financehelper/template/ConsoleReportGenerator.java. Using fallback presentation compiler.
2026.06.09 10:26:20 INFO  no build target found for /Users/cccllc/Desktop/SE 350/FinanceHelper/src/main/java/com/financehelper/template/ConsoleReportGenerator.java. Using fallback presentation compiler.
2026.06.09 10:26:20 INFO  no build target found for /Users/cccllc/Desktop/SE 350/FinanceHelper/src/main/java/com/financehelper/template/ConsoleReportGenerator.java. Using fallback presentation compiler.
2026.06.09 10:26:20 INFO  no build target found for /Users/cccllc/Desktop/SE 350/FinanceHelper/src/main/java/com/financehelper/template/ConsoleReportGenerator.java. Using fallback presentation compiler.
2026.06.09 10:26:20 INFO  no build target found for /Users/cccllc/Desktop/SE 350/FinanceHelper/src/main/java/com/financehelper/template/ConsoleReportGenerator.java. Using fallback presentation compiler.
2026.06.09 10:26:20 INFO  no build target found for /Users/cccllc/Desktop/SE 350/FinanceHelper/src/main/java/com/financehelper/template/ConsoleReportGenerator.java. Using fallback presentation compiler.
2026.06.09 10:26:21 INFO  no build target found for /Users/cccllc/Desktop/SE 350/FinanceHelper/src/main/java/com/financehelper/template/ConsoleReportGenerator.java. Using fallback presentation compiler.
2026.06.09 10:26:21 INFO  no build target found for /Users/cccllc/Desktop/SE 350/FinanceHelper/src/main/java/com/financehelper/template/ConsoleReportGenerator.java. Using fallback presentation compiler.
2026.06.09 10:26:27 WARN  no build target for: /Users/cccllc/Desktop/SE 350/FinanceHelper/src/main/java/com/financehelper/template/ConsoleReportGenerator.java
2026.06.09 10:26:27 INFO  no build target found for /Users/cccllc/Desktop/SE 350/FinanceHelper/src/main/java/com/financehelper/template/ConsoleReportGenerator.java. Using fallback presentation compiler.
2026.06.09 10:26:27 WARN  Running javac-semanticdb failed for file:///Users/cccllc/Desktop/SE%20350/FinanceHelper/src/main/java/com/financehelper/template/ConsoleReportGenerator.java. Output:

2026.06.09 10:26:33 INFO  no build target found for /Users/cccllc/Desktop/SE 350/FinanceHelper/src/main/java/com/financehelper/Main.java. Using fallback presentation compiler.
2026.06.09 10:26:33 WARN  no build target for: /Users/cccllc/Desktop/SE 350/FinanceHelper/src/main/java/com/financehelper/Main.java
2026.06.09 10:26:33 INFO  no build target found for /Users/cccllc/Desktop/SE 350/FinanceHelper/src/main/java/com/financehelper/Main.java. Using fallback presentation compiler.
2026.06.09 10:39:30 INFO  no build target found for /Users/cccllc/Desktop/SE 350/FinanceHelper/src/main/java/com/financehelper/template/ConsoleReportGenerator.java. Using fallback presentation compiler.
2026.06.09 10:39:30 WARN  no build target for: /Users/cccllc/Desktop/SE 350/FinanceHelper/src/main/java/com/financehelper/template/ConsoleReportGenerator.java
2026.06.09 10:39:30 INFO  no build target found for /Users/cccllc/Desktop/SE 350/FinanceHelper/src/main/java/com/financehelper/template/ConsoleReportGenerator.java. Using fallback presentation compiler.
2026.06.09 10:39:30 INFO  no build target found for /Users/cccllc/Desktop/SE 350/FinanceHelper/src/main/java/com/financehelper/template/ConsoleReportGenerator.java. Using fallback presentation compiler.
2026.06.09 10:39:30 INFO  no build target found for /Users/cccllc/Desktop/SE 350/FinanceHelper/src/main/java/com/financehelper/template/ConsoleReportGenerator.java. Using fallback presentation compiler.
2026.06.09 10:39:53 INFO  no build target found for /Users/cccllc/Desktop/SE 350/FinanceHelper/src/main/java/com/financehelper/repository/ReportRepository.java. Using fallback presentation compiler.
2026.06.09 10:39:53 INFO  no build target found for /Users/cccllc/Desktop/SE 350/FinanceHelper/src/main/java/com/financehelper/repository/ReportRepository.java. Using fallback presentation compiler.
2026.06.09 10:39:53 INFO  no build target found for /Users/cccllc/Desktop/SE 350/FinanceHelper/src/main/java/com/financehelper/repository/ReportRepository.java. Using fallback presentation compiler.
2026.06.09 10:39:53 INFO  no build target found for /Users/cccllc/Desktop/SE 350/FinanceHelper/src/main/java/com/financehelper/repository/ReportRepository.java. Using fallback presentation compiler.
2026.06.09 10:40:00 INFO  no build target found for /Users/cccllc/Desktop/SE 350/FinanceHelper/src/main/java/com/financehelper/template/ReportGenerator.java. Using fallback presentation compiler.
2026.06.09 10:40:00 INFO  no build target found for /Users/cccllc/Desktop/SE 350/FinanceHelper/src/main/java/com/financehelper/template/ReportGenerator.java. Using fallback presentation compiler.
2026.06.09 10:40:00 INFO  no build target found for /Users/cccllc/Desktop/SE 350/FinanceHelper/src/main/java/com/financehelper/template/ReportGenerator.java. Using fallback presentation compiler.
2026.06.09 10:40:01 INFO  no build target found for /Users/cccllc/Desktop/SE 350/FinanceHelper/src/main/java/com/financehelper/template/ReportGenerator.java. Using fallback presentation compiler.
2026.06.09 10:40:20 INFO  no build target found for /Users/cccllc/Desktop/SE 350/FinanceHelper/src/main/java/com/financehelper/template/ReportGenerator.java. Using fallback presentation compiler.
2026.06.09 10:40:22 INFO  no build target found for /Users/cccllc/Desktop/SE 350/FinanceHelper/src/main/java/com/financehelper/ui/ConsoleUI.java. Using fallback presentation compiler.
2026.06.09 10:40:22 WARN  no build target for: /Users/cccllc/Desktop/SE 350/FinanceHelper/src/main/java/com/financehelper/ui/ConsoleUI.java
2026.06.09 10:40:22 INFO  no build target found for /Users/cccllc/Desktop/SE 350/FinanceHelper/src/main/java/com/financehelper/ui/ConsoleUI.java. Using fallback presentation compiler.
2026.06.09 10:40:22 INFO  no build target found for /Users/cccllc/Desktop/SE 350/FinanceHelper/src/main/java/com/financehelper/ui/ConsoleUI.java. Using fallback presentation compiler.
2026.06.09 10:40:22 INFO  no build target found for /Users/cccllc/Desktop/SE 350/FinanceHelper/src/main/java/com/financehelper/ui/ConsoleUI.java. Using fallback presentation compiler.
2026.06.09 10:40:37 INFO  no build target found for /Users/cccllc/Desktop/SE 350/FinanceHelper/src/main/java/com/financehelper/ui/ConsoleUI.java. Using fallback presentation compiler.
2026.06.09 10:40:45 INFO  no build target found for /Users/cccllc/Desktop/SE 350/FinanceHelper/src/main/java/com/financehelper/ui/ConsoleUI.java. Using fallback presentation compiler.
2026.06.09 10:40:46 INFO  no build target found for /Users/cccllc/Desktop/SE 350/FinanceHelper/src/main/java/com/financehelper/ui/ConsoleUI.java. Using fallback presentation compiler.
2026.06.09 10:40:46 INFO  no build target found for /Users/cccllc/Desktop/SE 350/FinanceHelper/src/main/java/com/financehelper/ui/ConsoleUI.java. Using fallback presentation compiler.
2026.06.09 10:40:50 INFO  no build target found for /Users/cccllc/Desktop/SE 350/FinanceHelper/src/main/java/com/financehelper/ui/ConsoleUI.java. Using fallback presentation compiler.
2026.06.09 10:43:42 INFO  no build target found for /Users/cccllc/Desktop/SE 350/FinanceHelper/src/main/java/com/financehelper/template/ReportGenerator.java. Using fallback presentation compiler.
